"Arquivo","Linha","Tipo","Trecho"
"\src\app\(cms)\admin\(dashboard)\ambientes\novo\page.jsx","6","SEM_ACENTO (titulo)","<h1 className=""font-titulo text-2xl text-preto-fosco mb-6"">"
"\src\app\(cms)\admin\(dashboard)\ambientes\novo\page.jsx","7","SEM_ACENTO (ambiente)","Novo Ambiente"
"\src\app\(cms)\admin\(dashboard)\ambientes\[id]\page.jsx","6","SEM_ACENTO (ambiente)","const ambiente = await prisma.ambiente.findUnique({"
"\src\app\(cms)\admin\(dashboard)\ambientes\[id]\page.jsx","10","SEM_ACENTO (ambiente)","if (!ambiente) notFound();"
"\src\app\(cms)\admin\(dashboard)\ambientes\[id]\page.jsx","14","SEM_ACENTO (titulo)","<h1 className=""font-titulo text-2xl text-preto-fosco mb-6"">"
"\src\app\(cms)\admin\(dashboard)\ambientes\[id]\page.jsx","15","SEM_ACENTO (ambiente)","Editar Ambiente"
"\src\app\(cms)\admin\(dashboard)\ambientes\[id]\page.jsx","17","SEM_ACENTO (ambiente)","<AmbienteForm ambiente={ambiente} />"
"\src\app\(cms)\admin\(dashboard)\ambientes\page.jsx","6","SEM_ACENTO (ambiente)","const ambientes = await prisma.ambiente.findMany({"
"\src\app\(cms)\admin\(dashboard)\ambientes\page.jsx","13","SEM_ACENTO (titulo)","<h1 className=""font-titulo text-2xl text-preto-fosco"">Ambientes</h1>"
"\src\app\(cms)\admin\(dashboard)\ambientes\page.jsx","18","SEM_ACENTO (ambiente)","+ Novo Ambiente"
"\src\app\(cms)\admin\(dashboard)\ambientes\page.jsx","24","SEM_ACENTO (ambiente)","Nenhum ambiente cadastrado ainda."
"\src\app\(cms)\admin\(dashboard)\ambientes\page.jsx","32","SEM_ACENTO (titulo)","Titulo"
"\src\app\(cms)\admin\(dashboard)\ambientes\page.jsx","49","SEM_ACENTO (ambiente)","{ambientes.map((ambiente) => ("
"\src\app\(cms)\admin\(dashboard)\ambientes\page.jsx","51","SEM_ACENTO (ambiente)","key={ambiente.id}"
"\src\app\(cms)\admin\(dashboard)\ambientes\page.jsx","55","SEM_ACENTO (titulo)","{ambiente.titulo}"
"\src\app\(cms)\admin\(dashboard)\ambientes\page.jsx","55","SEM_ACENTO (ambiente)","{ambiente.titulo}"
"\src\app\(cms)\admin\(dashboard)\ambientes\page.jsx","58","SEM_ACENTO (ambiente)","{ambiente.slug}"
"\src\app\(cms)\admin\(dashboard)\ambientes\page.jsx","61","SEM_ACENTO (ambiente)","{ambiente.ordem}"
"\src\app\(cms)\admin\(dashboard)\ambientes\page.jsx","66","SEM_ACENTO (ambiente)","ambiente.publicado"
"\src\app\(cms)\admin\(dashboard)\ambientes\page.jsx","66","SEM_ACENTO (publicado)","ambiente.publicado"
"\src\app\(cms)\admin\(dashboard)\ambientes\page.jsx","71","SEM_ACENTO (ambiente)","{ambiente.publicado ? ""Publicado"" : ""Rascunho""}"
"\src\app\(cms)\admin\(dashboard)\ambientes\page.jsx","71","SEM_ACENTO (publicado)","{ambiente.publicado ? ""Publicado"" : ""Rascunho""}"
"\src\app\(cms)\admin\(dashboard)\ambientes\page.jsx","77","SEM_ACENTO (ambiente)","href={`/admin/ambientes/${ambiente.id}`}"
"\src\app\(cms)\admin\(dashboard)\ambientes\page.jsx","83","SEM_ACENTO (ambiente)","endpoint={`/api/admin/ambientes/${ambiente.id}`}"
"\src\app\(cms)\admin\(dashboard)\ambientes\page.jsx","84","SEM_ACENTO (titulo)","confirmText={`Excluir ""${ambiente.titulo}""?`}"
"\src\app\(cms)\admin\(dashboard)\ambientes\page.jsx","84","SEM_ACENTO (ambiente)","confirmText={`Excluir ""${ambiente.titulo}""?`}"
"\src\app\(cms)\admin\(dashboard)\banners\novo\page.jsx","6","SEM_ACENTO (titulo)","<h1 className=""font-titulo text-2xl text-preto-fosco mb-6"">"
"\src\app\(cms)\admin\(dashboard)\banners\[id]\page.jsx","14","SEM_ACENTO (titulo)","<h1 className=""font-titulo text-2xl text-preto-fosco mb-6"">"
"\src\app\(cms)\admin\(dashboard)\banners\page.jsx","13","SEM_ACENTO (titulo)","<h1 className=""font-titulo text-2xl text-preto-fosco"">Banners</h1>"
"\src\app\(cms)\admin\(dashboard)\banners\page.jsx","32","SEM_ACENTO (titulo)","Titulo"
"\src\app\(cms)\admin\(dashboard)\banners\page.jsx","35","SEM_ACENTO (botao)","Botao"
"\src\app\(cms)\admin\(dashboard)\banners\page.jsx","55","SEM_ACENTO (titulo)","{banner.titulo}"
"\src\app\(cms)\admin\(dashboard)\banners\page.jsx","84","SEM_ACENTO (titulo)","confirmText={`Excluir banner ""${banner.titulo}""?`}"
"\src\app\(cms)\admin\(dashboard)\blog\novo\page.jsx","6","SEM_ACENTO (titulo)","<h1 className=""font-titulo text-2xl text-preto-fosco mb-6"">"
"\src\app\(cms)\admin\(dashboard)\blog\[id]\page.jsx","13","SEM_ACENTO (titulo)","<h1 className=""font-titulo text-2xl text-preto-fosco mb-6"">"
"\src\app\(cms)\admin\(dashboard)\blog\page.jsx","13","SEM_ACENTO (titulo)","<h1 className=""font-titulo text-2xl text-preto-fosco"">Blog</h1>"
"\src\app\(cms)\admin\(dashboard)\blog\page.jsx","32","SEM_ACENTO (titulo)","Titulo"
"\src\app\(cms)\admin\(dashboard)\blog\page.jsx","41","SEM_ACENTO (publicado)","Publicado em"
"\src\app\(cms)\admin\(dashboard)\blog\page.jsx","55","SEM_ACENTO (titulo)","{post.titulo}"
"\src\app\(cms)\admin\(dashboard)\blog\page.jsx","63","SEM_ACENTO (publicado)","post.publicado"
"\src\app\(cms)\admin\(dashboard)\blog\page.jsx","68","SEM_ACENTO (publicado)","{post.publicado ? ""Publicado"" : ""Rascunho""}"
"\src\app\(cms)\admin\(dashboard)\blog\page.jsx","86","SEM_ACENTO (titulo)","confirmText={`Excluir o post ""${post.titulo}""?`}"
"\src\app\(cms)\admin\(dashboard)\dashboard\page.jsx","12","SEM_ACENTO (ambiente)","prisma.ambiente.count(),"
"\src\app\(cms)\admin\(dashboard)\dashboard\page.jsx","21","SEM_ACENTO (titulo)","titulo: ""Ambientes cadastrados"","
"\src\app\(cms)\admin\(dashboard)\dashboard\page.jsx","26","SEM_ACENTO (portfolio)","titulo: ""Projetos no Portfolio"","
"\src\app\(cms)\admin\(dashboard)\dashboard\page.jsx","26","SEM_ACENTO (titulo)","titulo: ""Projetos no Portfolio"","
"\src\app\(cms)\admin\(dashboard)\dashboard\page.jsx","28","SEM_ACENTO (portfolio)","href: ""/admin/portfolio"","
"\src\app\(cms)\admin\(dashboard)\dashboard\page.jsx","31","SEM_ACENTO (titulo)","titulo: ""Depoimentos"","
"\src\app\(cms)\admin\(dashboard)\dashboard\page.jsx","36","SEM_ACENTO (titulo)","titulo: ""Leads novos"","
"\src\app\(cms)\admin\(dashboard)\dashboard\page.jsx","41","SEM_ACENTO (titulo)","titulo: ""Leads no total"","
"\src\app\(cms)\admin\(dashboard)\dashboard\page.jsx","49","SEM_ACENTO (titulo)","<h1 className=""font-titulo text-2xl text-preto-fosco mb-6"">"
"\src\app\(cms)\admin\(dashboard)\dashboard\page.jsx","55","SEM_ACENTO (titulo)","key={card.titulo}"
"\src\app\(cms)\admin\(dashboard)\dashboard\page.jsx","60","SEM_ACENTO (titulo)","{card.titulo}"
"\src\app\(cms)\admin\(dashboard)\dashboard\page.jsx","62","SEM_ACENTO (titulo)","<p className=""font-titulo text-3xl text-preto-fosco mt-2"">"
"\src\app\(cms)\admin\(dashboard)\depoimentos\novo\page.jsx","6","SEM_ACENTO (titulo)","<h1 className=""font-titulo text-2xl text-preto-fosco mb-6"">"
"\src\app\(cms)\admin\(dashboard)\depoimentos\[id]\page.jsx","14","SEM_ACENTO (titulo)","<h1 className=""font-titulo text-2xl text-preto-fosco mb-6"">"
"\src\app\(cms)\admin\(dashboard)\depoimentos\page.jsx","13","SEM_ACENTO (titulo)","<h1 className=""font-titulo text-2xl text-preto-fosco"">Depoimentos</h1>"
"\src\app\(cms)\admin\(dashboard)\depoimentos\page.jsx","61","SEM_ACENTO (nao)","{depoimento.videoUrl ? ""Sim"" : ""Nao""}"
"\src\app\(cms)\admin\(dashboard)\depoimentos\page.jsx","66","SEM_ACENTO (publicado)","depoimento.publicado"
"\src\app\(cms)\admin\(dashboard)\depoimentos\page.jsx","71","SEM_ACENTO (publicado)","{depoimento.publicado ? ""Publicado"" : ""Rascunho""}"
"\src\app\(cms)\admin\(dashboard)\faq\novo\page.jsx","6","SEM_ACENTO (titulo)","<h1 className=""font-titulo text-2xl text-preto-fosco mb-6"">"
"\src\app\(cms)\admin\(dashboard)\faq\[id]\page.jsx","14","SEM_ACENTO (titulo)","<h1 className=""font-titulo text-2xl text-preto-fosco mb-6"">"
"\src\app\(cms)\admin\(dashboard)\faq\page.jsx","13","SEM_ACENTO (titulo)","<h1 className=""font-titulo text-2xl text-preto-fosco"">FAQ</h1>"
"\src\app\(cms)\admin\(dashboard)\faq\page.jsx","57","SEM_ACENTO (publicado)","faq.publicado"
"\src\app\(cms)\admin\(dashboard)\faq\page.jsx","62","SEM_ACENTO (publicado)","{faq.publicado ? ""Publicado"" : ""Rascunho""}"
"\src\app\(cms)\admin\(dashboard)\leads\page.jsx","10","SEM_ACENTO (orcamento)","ORCAMENTO_ENVIADO: ""Orcamento enviado"","
"\src\app\(cms)\admin\(dashboard)\leads\page.jsx","31","SEM_ACENTO (titulo)","<h1 className=""font-titulo text-2xl text-dourado"">Leads</h1>"
"\src\app\(cms)\admin\(dashboard)\leads\page.jsx","54","SEM_ACENTO (ambiente)","<th className=""py-3 pr-4"">Ambiente</th>"
"\src\app\(cms)\admin\(dashboard)\portfolio\novo\page.jsx","6","SEM_ACENTO (titulo)","<h1 className=""font-titulo text-2xl text-preto-fosco mb-6"">"
"\src\app\(cms)\admin\(dashboard)\portfolio\novo\page.jsx","7","SEM_ACENTO (projeto)","Novo Projeto"
"\src\app\(cms)\admin\(dashboard)\portfolio\[id]\page.jsx","6","SEM_ACENTO (projeto)","const projeto = await prisma.projetoPortfolio.findUnique({"
"\src\app\(cms)\admin\(dashboard)\portfolio\[id]\page.jsx","10","SEM_ACENTO (projeto)","if (!projeto) notFound();"
"\src\app\(cms)\admin\(dashboard)\portfolio\[id]\page.jsx","14","SEM_ACENTO (titulo)","<h1 className=""font-titulo text-2xl text-preto-fosco mb-6"">"
"\src\app\(cms)\admin\(dashboard)\portfolio\[id]\page.jsx","15","SEM_ACENTO (projeto)","Editar Projeto"
"\src\app\(cms)\admin\(dashboard)\portfolio\[id]\page.jsx","17","SEM_ACENTO (projeto)","<PortfolioForm projeto={projeto} />"
"\src\app\(cms)\admin\(dashboard)\portfolio\page.jsx","13","SEM_ACENTO (portfolio)","<h1 className=""font-titulo text-2xl text-preto-fosco"">Portfolio</h1>"
"\src\app\(cms)\admin\(dashboard)\portfolio\page.jsx","13","SEM_ACENTO (titulo)","<h1 className=""font-titulo text-2xl text-preto-fosco"">Portfolio</h1>"
"\src\app\(cms)\admin\(dashboard)\portfolio\page.jsx","15","SEM_ACENTO (portfolio)","href=""/admin/portfolio/novo"""
"\src\app\(cms)\admin\(dashboard)\portfolio\page.jsx","18","SEM_ACENTO (projeto)","+ Novo Projeto"
"\src\app\(cms)\admin\(dashboard)\portfolio\page.jsx","24","SEM_ACENTO (projeto)","Nenhum projeto cadastrado ainda."
"\src\app\(cms)\admin\(dashboard)\portfolio\page.jsx","32","SEM_ACENTO (titulo)","Titulo"
"\src\app\(cms)\admin\(dashboard)\portfolio\page.jsx","35","SEM_ACENTO (categoria)","Categoria"
"\src\app\(cms)\admin\(dashboard)\portfolio\page.jsx","49","SEM_ACENTO (projeto)","{projetos.map((projeto) => ("
"\src\app\(cms)\admin\(dashboard)\portfolio\page.jsx","51","SEM_ACENTO (projeto)","key={projeto.id}"
"\src\app\(cms)\admin\(dashboard)\portfolio\page.jsx","55","SEM_ACENTO (titulo)","{projeto.titulo}"
"\src\app\(cms)\admin\(dashboard)\portfolio\page.jsx","55","SEM_ACENTO (projeto)","{projeto.titulo}"
"\src\app\(cms)\admin\(dashboard)\portfolio\page.jsx","58","SEM_ACENTO (projeto)","{projeto.categoria}"
"\src\app\(cms)\admin\(dashboard)\portfolio\page.jsx","58","SEM_ACENTO (categoria)","{projeto.categoria}"
"\src\app\(cms)\admin\(dashboard)\portfolio\page.jsx","61","SEM_ACENTO (projeto)","{projeto.destaque ? ("
"\src\app\(cms)\admin\(dashboard)\portfolio\page.jsx","72","SEM_ACENTO (projeto)","projeto.publicado"
"\src\app\(cms)\admin\(dashboard)\portfolio\page.jsx","72","SEM_ACENTO (publicado)","projeto.publicado"
"\src\app\(cms)\admin\(dashboard)\portfolio\page.jsx","77","SEM_ACENTO (projeto)","{projeto.publicado ? ""Publicado"" : ""Rascunho""}"
"\src\app\(cms)\admin\(dashboard)\portfolio\page.jsx","77","SEM_ACENTO (publicado)","{projeto.publicado ? ""Publicado"" : ""Rascunho""}"
"\src\app\(cms)\admin\(dashboard)\portfolio\page.jsx","83","SEM_ACENTO (portfolio)","href={`/admin/portfolio/${projeto.id}`}"
"\src\app\(cms)\admin\(dashboard)\portfolio\page.jsx","83","SEM_ACENTO (projeto)","href={`/admin/portfolio/${projeto.id}`}"
"\src\app\(cms)\admin\(dashboard)\portfolio\page.jsx","89","SEM_ACENTO (portfolio)","endpoint={`/api/admin/portfolio/${projeto.id}`}"
"\src\app\(cms)\admin\(dashboard)\portfolio\page.jsx","89","SEM_ACENTO (projeto)","endpoint={`/api/admin/portfolio/${projeto.id}`}"
"\src\app\(cms)\admin\(dashboard)\portfolio\page.jsx","90","SEM_ACENTO (titulo)","confirmText={`Excluir ""${projeto.titulo}""?`}"
"\src\app\(cms)\admin\(dashboard)\portfolio\page.jsx","90","SEM_ACENTO (projeto)","confirmText={`Excluir ""${projeto.titulo}""?`}"
"\src\app\(cms)\admin\login\page.jsx","38","SEM_ACENTO (titulo)","<h1 className=""font-titulo text-2xl text-dourado text-center mb-1"">"
"\src\app\(site)\ambientes\[slug]\page.jsx","10","SEM_ACENTO (ambiente)","const ambiente = await prisma.ambiente.findUnique({"
"\src\app\(site)\ambientes\[slug]\page.jsx","14","SEM_ACENTO (ambiente)","if (!ambiente || !ambiente.publicado) {"
"\src\app\(site)\ambientes\[slug]\page.jsx","14","SEM_ACENTO (publicado)","if (!ambiente || !ambiente.publicado) {"
"\src\app\(site)\ambientes\[slug]\page.jsx","22","SEM_ACENTO (ambiente)","Ambiente"
"\src\app\(site)\ambientes\[slug]\page.jsx","24","SEM_ACENTO (titulo)","<h1 className=""font-titulo text-4xl text-branco-gelo text-center mb-10"">"
"\src\app\(site)\ambientes\[slug]\page.jsx","25","SEM_ACENTO (titulo)","{ambiente.titulo}"
"\src\app\(site)\ambientes\[slug]\page.jsx","25","SEM_ACENTO (ambiente)","{ambiente.titulo}"
"\src\app\(site)\ambientes\[slug]\page.jsx","30","SEM_ACENTO (ambiente)","src={ambiente.imagemCapa}"
"\src\app\(site)\ambientes\[slug]\page.jsx","31","SEM_ACENTO (titulo)","alt={ambiente.titulo}"
"\src\app\(site)\ambientes\[slug]\page.jsx","31","SEM_ACENTO (ambiente)","alt={ambiente.titulo}"
"\src\app\(site)\ambientes\[slug]\page.jsx","40","SEM_ACENTO (descricao)","{ambiente.descricao}"
"\src\app\(site)\ambientes\[slug]\page.jsx","40","SEM_ACENTO (ambiente)","{ambiente.descricao}"
"\src\app\(site)\ambientes\[slug]\page.jsx","48","SEM_ACENTO (projeto)","Solicitar Projeto para este Ambiente"
"\src\app\(site)\ambientes\[slug]\page.jsx","48","SEM_ACENTO (ambiente)","Solicitar Projeto para este Ambiente"
"\src\app\(site)\ambientes\page.jsx","8","SEM_ACENTO (moveis)","title: ""Ambientes | AW Marcenaria e Moveis Planejados"","
"\src\app\(site)\ambientes\page.jsx","10","SEM_ACENTO (conheca)","""Conheca os ambientes projetados pela AW Marcenaria: cozinhas, closets, dormitorios, salas, home office e muito mais, com acabamento premium e projeto personalizado."","
"\src\app\(site)\ambientes\page.jsx","10","SEM_ACENTO (dormitorios)","""Conheca os ambientes projetados pela AW Marcenaria: cozinhas, closets, dormitorios, salas, home office e muito mais, com acabamento premium e projeto personalizado."","
"\src\app\(site)\ambientes\page.jsx","10","SEM_ACENTO (projeto)","""Conheca os ambientes projetados pela AW Marcenaria: cozinhas, closets, dormitorios, salas, home office e muito mais, com acabamento premium e projeto personalizado."","
"\src\app\(site)\ambientes\page.jsx","10","SEM_ACENTO (premium)","""Conheca os ambientes projetados pela AW Marcenaria: cozinhas, closets, dormitorios, salas, home office e muito mais, com acabamento premium e projeto personalizado."","
"\src\app\(site)\ambientes\page.jsx","10","SEM_ACENTO (acabamento)","""Conheca os ambientes projetados pela AW Marcenaria: cozinhas, closets, dormitorios, salas, home office e muito mais, com acabamento premium e projeto personalizado."","
"\src\app\(site)\ambientes\page.jsx","14","SEM_ACENTO (ambiente)","const ambientes = await prisma.ambiente.findMany({"
"\src\app\(site)\ambientes\page.jsx","24","SEM_ACENTO (titulo)","<h1 className=""font-titulo text-4xl md:text-5xl text-branco-gelo text-center mb-6"">"
"\src\app\(site)\ambientes\page.jsx","25","SEM_ACENTO (espaco)","Cada espaco, um projeto exclusivo"
"\src\app\(site)\ambientes\page.jsx","25","SEM_ACENTO (projeto)","Cada espaco, um projeto exclusivo"
"\src\app\(site)\ambientes\page.jsx","25","SEM_ACENTO (exclusivo)","Cada espaco, um projeto exclusivo"
"\src\app\(site)\ambientes\page.jsx","28","SEM_ACENTO (ambiente)","Da cozinha ao closet, cada ambiente e pensado sob medida - com"
"\src\app\(site)\ambientes\page.jsx","28","SEM_ACENTO (closet)","Da cozinha ao closet, cada ambiente e pensado sob medida - com"
"\src\app\(site)\ambientes\page.jsx","28","SEM_ACENTO (cozinha)","Da cozinha ao closet, cada ambiente e pensado sob medida - com"
"\src\app\(site)\ambientes\page.jsx","29","SEM_ACENTO (impecavel)","consultoria de design, materiais premium e acabamento impecavel do"
"\src\app\(site)\ambientes\page.jsx","29","SEM_ACENTO (premium)","consultoria de design, materiais premium e acabamento impecavel do"
"\src\app\(site)\ambientes\page.jsx","29","SEM_ACENTO (consultoria)","consultoria de design, materiais premium e acabamento impecavel do"
"\src\app\(site)\ambientes\page.jsx","29","SEM_ACENTO (acabamento)","consultoria de design, materiais premium e acabamento impecavel do"
"\src\app\(site)\ambientes\page.jsx","29","SEM_ACENTO (materiais)","consultoria de design, materiais premium e acabamento impecavel do"
"\src\app\(site)\ambientes\page.jsx","30","SEM_ACENTO (inicio)","inicio ao fim."
"\src\app\(site)\ambientes\page.jsx","35","SEM_ACENTO (ambiente)","Nenhum ambiente cadastrado ainda."
"\src\app\(site)\ambientes\page.jsx","39","SEM_ACENTO (ambiente)","{ambientes.map((ambiente) => ("
"\src\app\(site)\ambientes\page.jsx","41","SEM_ACENTO (ambiente)","key={ambiente.id}"
"\src\app\(site)\ambientes\page.jsx","46","SEM_ACENTO (ambiente)","src={ambiente.imagemCapa}"
"\src\app\(site)\ambientes\page.jsx","47","SEM_ACENTO (titulo)","alt={ambiente.titulo}"
"\src\app\(site)\ambientes\page.jsx","47","SEM_ACENTO (ambiente)","alt={ambiente.titulo}"
"\src\app\(site)\ambientes\page.jsx","55","SEM_ACENTO (titulo)","<h2 className=""font-titulo text-xl text-branco-gelo mb-2"">"
"\src\app\(site)\ambientes\page.jsx","56","SEM_ACENTO (titulo)","{ambiente.titulo}"
"\src\app\(site)\ambientes\page.jsx","56","SEM_ACENTO (ambiente)","{ambiente.titulo}"
"\src\app\(site)\ambientes\page.jsx","59","SEM_ACENTO (descricao)","{ambiente.descricao}"
"\src\app\(site)\ambientes\page.jsx","59","SEM_ACENTO (ambiente)","{ambiente.descricao}"
"\src\app\(site)\ambientes\page.jsx","62","SEM_ACENTO (portfolio)","href=""/#portfolio"""
"\src\app\(site)\ambientes\page.jsx","65","SEM_ACENTO (projeto)","Ver Projeto"
"\src\app\(site)\blog\[slug]\page.jsx","10","SEM_ACENTO (publicado)","if (!post || !post.publicado) {"
"\src\app\(site)\blog\[slug]\page.jsx","11","SEM_ACENTO (nao)","return { title: ""Post nao encontrado"" };"
"\src\app\(site)\blog\[slug]\page.jsx","14","SEM_ACENTO (titulo)","const titulo = post.metaTitulo || post.titulo;"
"\src\app\(site)\blog\[slug]\page.jsx","15","SEM_ACENTO (descricao)","const descricao = post.metaDescricao || post.resumo;"
"\src\app\(site)\blog\[slug]\page.jsx","18","SEM_ACENTO (titulo)","title: `${titulo} | AW Marcenaria`,"
"\src\app\(site)\blog\[slug]\page.jsx","19","SEM_ACENTO (descricao)","description: descricao,"
"\src\app\(site)\blog\[slug]\page.jsx","21","SEM_ACENTO (titulo)","title: titulo,"
"\src\app\(site)\blog\[slug]\page.jsx","22","SEM_ACENTO (descricao)","description: descricao,"
"\src\app\(site)\blog\[slug]\page.jsx","35","SEM_ACENTO (publicado)","if (!post || !post.publicado) notFound();"
"\src\app\(site)\blog\[slug]\page.jsx","40","SEM_ACENTO (titulo)","headline: post.titulo,"
"\src\app\(site)\blog\[slug]\page.jsx","47","SEM_ACENTO (moveis)","name: ""AW Marcenaria e Moveis Planejados"","
"\src\app\(site)\blog\[slug]\page.jsx","76","SEM_ACENTO (titulo)","<h1 className=""font-titulo text-3xl md:text-5xl text-branco-gelo leading-tight mb-8"">"
"\src\app\(site)\blog\[slug]\page.jsx","77","SEM_ACENTO (titulo)","{post.titulo}"
"\src\app\(site)\blog\[slug]\page.jsx","83","SEM_ACENTO (titulo)","alt={post.titulo}"
"\src\app\(site)\blog\[slug]\page.jsx","103","SEM_ACENTO (voce)","Gostou? Vamos criar um ambiente assim para voce."
"\src\app\(site)\blog\[slug]\page.jsx","103","SEM_ACENTO (ambiente)","Gostou? Vamos criar um ambiente assim para voce."
"\src\app\(site)\blog\[slug]\page.jsx","109","SEM_ACENTO (projeto)","Solicite um Projeto"
"\src\app\(site)\blog\page.jsx","6","SEM_ACENTO (moveis)","title: ""Blog | AW Marcenaria e Moveis Planejados"","
"\src\app\(site)\blog\page.jsx","8","SEM_ACENTO (tendencias)","""Artigos sobre marcenaria planejada, design de interiores, materiais e tendencias."","
"\src\app\(site)\blog\page.jsx","8","SEM_ACENTO (materiais)","""Artigos sobre marcenaria planejada, design de interiores, materiais e tendencias."","
"\src\app\(site)\blog\page.jsx","15","SEM_ACENTO (publicado)","where: { publicado: true },"
"\src\app\(site)\blog\page.jsx","25","SEM_ACENTO (titulo)","<h1 className=""font-titulo text-4xl md:text-5xl text-branco-gelo text-center mb-16"">"
"\src\app\(site)\blog\page.jsx","26","SEM_ACENTO (tendencias)","Ideias, materiais e tendencias"
"\src\app\(site)\blog\page.jsx","26","SEM_ACENTO (materiais)","Ideias, materiais e tendencias"
"\src\app\(site)\blog\page.jsx","44","SEM_ACENTO (titulo)","alt={post.titulo}"
"\src\app\(site)\blog\page.jsx","58","SEM_ACENTO (titulo)","<h2 className=""font-titulo text-xl text-branco-gelo mb-2 group-hover:text-dourado transition"">"
"\src\app\(site)\blog\page.jsx","59","SEM_ACENTO (titulo)","{post.titulo}"
"\src\app\(site)\contato\page.jsx","4","SEM_ACENTO (moveis)","title: ""Contato | AW Marcenaria e Moveis Planejados"","
"\src\app\(site)\contato\page.jsx","6","SEM_ACENTO (projeto)","""Fale com a AW Marcenaria e solicite um projeto sob medida para o seu ambiente."","
"\src\app\(site)\contato\page.jsx","6","SEM_ACENTO (ambiente)","""Fale com a AW Marcenaria e solicite um projeto sob medida para o seu ambiente."","
"\src\app\(site)\depoimentos\page.jsx","4","SEM_ACENTO (moveis)","title: ""Depoimentos | AW Marcenaria e Moveis Planejados"","
"\src\app\(site)\depoimentos\page.jsx","6","SEM_ACENTO (clientes)","""Veja o que nossos clientes dizem sobre os projetos da AW Marcenaria."","
"\src\app\(site)\faq\page.jsx","4","SEM_ACENTO (moveis)","title: ""Perguntas Frequentes | AW Marcenaria e Moveis Planejados"","
"\src\app\(site)\faq\page.jsx","6","SEM_ACENTO (garantia)","""Tire suas duvidas sobre prazos, garantia, materiais e o processo de marcenaria planejada da AW Marcenaria."","
"\src\app\(site)\faq\page.jsx","6","SEM_ACENTO (materiais)","""Tire suas duvidas sobre prazos, garantia, materiais e o processo de marcenaria planejada da AW Marcenaria."","
"\src\app\(site)\portfolio\[slug]\page.jsx","10","SEM_ACENTO (projeto)","const projeto = await prisma.projetoPortfolio.findUnique({"
"\src\app\(site)\portfolio\[slug]\page.jsx","14","SEM_ACENTO (projeto)","if (!projeto || !projeto.publicado) {"
"\src\app\(site)\portfolio\[slug]\page.jsx","14","SEM_ACENTO (publicado)","if (!projeto || !projeto.publicado) {"
"\src\app\(site)\portfolio\[slug]\page.jsx","22","SEM_ACENTO (projeto)","{projeto.categoria}"
"\src\app\(site)\portfolio\[slug]\page.jsx","22","SEM_ACENTO (categoria)","{projeto.categoria}"
"\src\app\(site)\portfolio\[slug]\page.jsx","24","SEM_ACENTO (titulo)","<h1 className=""font-titulo text-4xl text-branco-gelo text-center mb-10"">"
"\src\app\(site)\portfolio\[slug]\page.jsx","25","SEM_ACENTO (titulo)","{projeto.titulo}"
"\src\app\(site)\portfolio\[slug]\page.jsx","25","SEM_ACENTO (projeto)","{projeto.titulo}"
"\src\app\(site)\portfolio\[slug]\page.jsx","30","SEM_ACENTO (projeto)","src={projeto.imagemCapa}"
"\src\app\(site)\portfolio\[slug]\page.jsx","31","SEM_ACENTO (titulo)","alt={projeto.titulo}"
"\src\app\(site)\portfolio\[slug]\page.jsx","31","SEM_ACENTO (projeto)","alt={projeto.titulo}"
"\src\app\(site)\portfolio\[slug]\page.jsx","40","SEM_ACENTO (descricao)","{projeto.descricao}"
"\src\app\(site)\portfolio\[slug]\page.jsx","40","SEM_ACENTO (projeto)","{projeto.descricao}"
"\src\app\(site)\portfolio\[slug]\page.jsx","43","SEM_ACENTO (projeto)","{projeto.imagensGaleria && projeto.imagensGaleria.length > 0 && ("
"\src\app\(site)\portfolio\[slug]\page.jsx","45","SEM_ACENTO (titulo)","<h2 className=""font-titulo text-2xl text-branco-gelo text-center mb-6"">"
"\src\app\(site)\portfolio\[slug]\page.jsx","46","SEM_ACENTO (projeto)","Galeria do Projeto"
"\src\app\(site)\portfolio\[slug]\page.jsx","49","SEM_ACENTO (projeto)","{projeto.imagensGaleria.map((img, index) => ("
"\src\app\(site)\portfolio\[slug]\page.jsx","56","SEM_ACENTO (titulo)","alt={`${projeto.titulo} - foto ${index + 1}`}"
"\src\app\(site)\portfolio\[slug]\page.jsx","56","SEM_ACENTO (projeto)","alt={`${projeto.titulo} - foto ${index + 1}`}"
"\src\app\(site)\portfolio\[slug]\page.jsx","72","SEM_ACENTO (projeto)","Quero um Projeto Assim"
"\src\app\(site)\portfolio\page.jsx","1","SEM_ACENTO (portfolio)","import Portfolio from ""@/components/sections/Portfolio"";"
"\src\app\(site)\portfolio\page.jsx","4","SEM_ACENTO (moveis)","title: ""Portfolio | AW Marcenaria e Moveis Planejados"","
"\src\app\(site)\portfolio\page.jsx","4","SEM_ACENTO (portfolio)","title: ""Portfolio | AW Marcenaria e Moveis Planejados"","
"\src\app\(site)\portfolio\page.jsx","6","SEM_ACENTO (padrao)","""Confira projetos de marcenaria planejada de alto padrao ja entregues pela AW Marcenaria."","
"\src\app\(site)\portfolio\page.jsx","14","SEM_ACENTO (portfolio)","<Portfolio />"
"\src\app\(site)\processo\page.jsx","4","SEM_ACENTO (moveis)","title: ""Como Funciona | AW Marcenaria e Moveis Planejados"","
"\src\app\(site)\processo\page.jsx","6","SEM_ACENTO (consultoria)","""Entenda o processo completo, da consultoria a entrega, dos projetos de marcenaria planejada da AW Marcenaria."","
"\src\app\(site)\sobre\page.jsx","4","SEM_ACENTO (moveis)","title: ""Sobre | AW Marcenaria e Moveis Planejados"","
"\src\app\(site)\sobre\page.jsx","6","SEM_ACENTO (conheca)","""Conheca a historia, a missao, os valores e o processo de fabricacao da AW Marcenaria."","
"\src\app\(site)\page.jsx","5","SEM_ACENTO (portfolio)","import Portfolio from ""@/components/sections/Portfolio"";"
"\src\app\(site)\page.jsx","22","SEM_ACENTO (portfolio)","<Portfolio />"
"\src\app\api\admin\ambientes\[id]\route.js","8","SEM_ACENTO (titulo)","titulo: z.string().min(2),"
"\src\app\api\admin\ambientes\[id]\route.js","10","SEM_ACENTO (descricao)","descricao: z.string().min(5),"
"\src\app\api\admin\ambientes\[id]\route.js","13","SEM_ACENTO (publicado)","publicado: z.boolean().default(true),"
"\src\app\api\admin\ambientes\[id]\route.js","19","SEM_ACENTO (nao)","return NextResponse.json({ erro: ""Nao autorizado"" }, { status: 401 });"
"\src\app\api\admin\ambientes\[id]\route.js","26","SEM_ACENTO (ambiente)","const ambiente = await prisma.ambiente.update({"
"\src\app\api\admin\ambientes\[id]\route.js","30","SEM_ACENTO (ambiente)","return NextResponse.json(ambiente);"
"\src\app\api\admin\ambientes\[id]\route.js","40","SEM_ACENTO (ambiente)","{ erro: ""Ja existe um ambiente com esse slug"" },"
"\src\app\api\admin\ambientes\[id]\route.js","44","SEM_ACENTO (ambiente)","console.error(""Erro ao atualizar ambiente:"", error);"
"\src\app\api\admin\ambientes\[id]\route.js","52","SEM_ACENTO (nao)","return NextResponse.json({ erro: ""Nao autorizado"" }, { status: 401 });"
"\src\app\api\admin\ambientes\[id]\route.js","56","SEM_ACENTO (ambiente)","await prisma.ambiente.delete({ where: { id: params.id } });"
"\src\app\api\admin\ambientes\[id]\route.js","59","SEM_ACENTO (ambiente)","console.error(""Erro ao excluir ambiente:"", error);"
"\src\app\api\admin\ambientes\route.js","8","SEM_ACENTO (titulo)","titulo: z.string().min(2),"
"\src\app\api\admin\ambientes\route.js","10","SEM_ACENTO (descricao)","descricao: z.string().min(5),"
"\src\app\api\admin\ambientes\route.js","13","SEM_ACENTO (publicado)","publicado: z.boolean().default(true),"
"\src\app\api\admin\ambientes\route.js","19","SEM_ACENTO (nao)","return NextResponse.json({ erro: ""Nao autorizado"" }, { status: 401 });"
"\src\app\api\admin\ambientes\route.js","26","SEM_ACENTO (ambiente)","const ambiente = await prisma.ambiente.create({ data: dados });"
"\src\app\api\admin\ambientes\route.js","27","SEM_ACENTO (ambiente)","return NextResponse.json(ambiente, { status: 201 });"
"\src\app\api\admin\ambientes\route.js","37","SEM_ACENTO (ambiente)","{ erro: ""Ja existe um ambiente com esse slug"" },"
"\src\app\api\admin\ambientes\route.js","41","SEM_ACENTO (ambiente)","console.error(""Erro ao criar ambiente:"", error);"
"\src\app\api\admin\banners\[id]\route.js","8","SEM_ACENTO (titulo)","titulo: z.string().min(2),"
"\src\app\api\admin\banners\[id]\route.js","20","SEM_ACENTO (nao)","return NextResponse.json({ erro: ""Nao autorizado"" }, { status: 401 });"
"\src\app\api\admin\banners\[id]\route.js","47","SEM_ACENTO (nao)","return NextResponse.json({ erro: ""Nao autorizado"" }, { status: 401 });"
"\src\app\api\admin\banners\route.js","8","SEM_ACENTO (titulo)","titulo: z.string().min(2),"
"\src\app\api\admin\banners\route.js","20","SEM_ACENTO (nao)","return NextResponse.json({ erro: ""Nao autorizado"" }, { status: 401 });"
"\src\app\api\admin\blog\[id]\route.js","8","SEM_ACENTO (titulo)","titulo: z.string().min(3),"
"\src\app\api\admin\blog\[id]\route.js","18","SEM_ACENTO (publicado)","publicado: z.boolean().default(false),"
"\src\app\api\admin\blog\[id]\route.js","24","SEM_ACENTO (nao)","return NextResponse.json({ erro: ""Nao autorizado"" }, { status: 401 });"
"\src\app\api\admin\blog\[id]\route.js","34","SEM_ACENTO (nao)","return NextResponse.json({ erro: ""Post nao encontrado"" }, { status: 404 });"
"\src\app\api\admin\blog\[id]\route.js","37","SEM_ACENTO (publicado)","const publicadoEm = dados.publicado"
"\src\app\api\admin\blog\[id]\route.js","67","SEM_ACENTO (nao)","return NextResponse.json({ erro: ""Nao autorizado"" }, { status: 401 });"
"\src\app\api\admin\blog\route.js","8","SEM_ACENTO (titulo)","titulo: z.string().min(3),"
"\src\app\api\admin\blog\route.js","18","SEM_ACENTO (publicado)","publicado: z.boolean().default(false),"
"\src\app\api\admin\blog\route.js","24","SEM_ACENTO (nao)","return NextResponse.json({ erro: ""Nao autorizado"" }, { status: 401 });"
"\src\app\api\admin\blog\route.js","34","SEM_ACENTO (publicado)","publicadoEm: dados.publicado ? new Date() : null,"
"\src\app\api\admin\depoimentos\[id]\route.js","12","SEM_ACENTO (publicado)","publicado: z.boolean().default(true),"
"\src\app\api\admin\depoimentos\[id]\route.js","18","SEM_ACENTO (nao)","return NextResponse.json({ erro: ""Nao autorizado"" }, { status: 401 });"
"\src\app\api\admin\depoimentos\[id]\route.js","45","SEM_ACENTO (nao)","return NextResponse.json({ erro: ""Nao autorizado"" }, { status: 401 });"
"\src\app\api\admin\depoimentos\route.js","12","SEM_ACENTO (publicado)","publicado: z.boolean().default(true),"
"\src\app\api\admin\depoimentos\route.js","18","SEM_ACENTO (nao)","return NextResponse.json({ erro: ""Nao autorizado"" }, { status: 401 });"
"\src\app\api\admin\faq\[id]\route.js","11","SEM_ACENTO (publicado)","publicado: z.boolean().default(true),"
"\src\app\api\admin\faq\[id]\route.js","17","SEM_ACENTO (nao)","return NextResponse.json({ erro: ""Nao autorizado"" }, { status: 401 });"
"\src\app\api\admin\faq\[id]\route.js","44","SEM_ACENTO (nao)","return NextResponse.json({ erro: ""Nao autorizado"" }, { status: 401 });"
"\src\app\api\admin\faq\route.js","11","SEM_ACENTO (publicado)","publicado: z.boolean().default(true),"
"\src\app\api\admin\faq\route.js","17","SEM_ACENTO (nao)","return NextResponse.json({ erro: ""Nao autorizado"" }, { status: 401 });"
"\src\app\api\admin\leads\[id]\route.js","20","SEM_ACENTO (nao)","return NextResponse.json({ erro: ""Nao autorizado"" }, { status: 401 });"
"\src\app\api\admin\portfolio\[id]\route.js","8","SEM_ACENTO (titulo)","titulo: z.string().min(2),"
"\src\app\api\admin\portfolio\[id]\route.js","10","SEM_ACENTO (descricao)","descricao: z.string().min(5),"
"\src\app\api\admin\portfolio\[id]\route.js","11","SEM_ACENTO (categoria)","categoria: z.string().min(2),"
"\src\app\api\admin\portfolio\[id]\route.js","15","SEM_ACENTO (publicado)","publicado: z.boolean().default(true),"
"\src\app\api\admin\portfolio\[id]\route.js","21","SEM_ACENTO (nao)","return NextResponse.json({ erro: ""Nao autorizado"" }, { status: 401 });"
"\src\app\api\admin\portfolio\[id]\route.js","28","SEM_ACENTO (projeto)","const projeto = await prisma.projetoPortfolio.update({"
"\src\app\api\admin\portfolio\[id]\route.js","32","SEM_ACENTO (projeto)","return NextResponse.json(projeto);"
"\src\app\api\admin\portfolio\[id]\route.js","42","SEM_ACENTO (projeto)","{ erro: ""Ja existe um projeto com esse slug"" },"
"\src\app\api\admin\portfolio\[id]\route.js","46","SEM_ACENTO (projeto)","console.error(""Erro ao atualizar projeto:"", error);"
"\src\app\api\admin\portfolio\[id]\route.js","54","SEM_ACENTO (nao)","return NextResponse.json({ erro: ""Nao autorizado"" }, { status: 401 });"
"\src\app\api\admin\portfolio\[id]\route.js","61","SEM_ACENTO (projeto)","console.error(""Erro ao excluir projeto:"", error);"
"\src\app\api\admin\portfolio\route.js","8","SEM_ACENTO (titulo)","titulo: z.string().min(2),"
"\src\app\api\admin\portfolio\route.js","10","SEM_ACENTO (descricao)","descricao: z.string().min(5),"
"\src\app\api\admin\portfolio\route.js","11","SEM_ACENTO (categoria)","categoria: z.string().min(2),"
"\src\app\api\admin\portfolio\route.js","15","SEM_ACENTO (publicado)","publicado: z.boolean().default(true),"
"\src\app\api\admin\portfolio\route.js","21","SEM_ACENTO (nao)","return NextResponse.json({ erro: ""Nao autorizado"" }, { status: 401 });"
"\src\app\api\admin\portfolio\route.js","28","SEM_ACENTO (projeto)","const projeto = await prisma.projetoPortfolio.create({ data: dados });"
"\src\app\api\admin\portfolio\route.js","29","SEM_ACENTO (projeto)","return NextResponse.json(projeto, { status: 201 });"
"\src\app\api\admin\portfolio\route.js","39","SEM_ACENTO (projeto)","{ erro: ""Ja existe um projeto com esse slug"" },"
"\src\app\api\admin\portfolio\route.js","43","SEM_ACENTO (projeto)","console.error(""Erro ao criar projeto:"", error);"
"\src\app\layout.jsx","6","SEM_ACENTO (titulo)","variable: ""--font-titulo"","
"\src\app\layout.jsx","17","SEM_ACENTO (moveis)","title: ""AW Marcenaria e Moveis Planejados"","
"\src\app\layout.jsx","18","SEM_ACENTO (moveis)","description: ""Marcenaria e moveis planejados de alto padrao"","
"\src\app\layout.jsx","18","SEM_ACENTO (padrao)","description: ""Marcenaria e moveis planejados de alto padrao"","
"\src\components\admin\AmbienteForm.jsx","10","SEM_ACENTO (titulo)","titulo: z.string().min(2, ""Informe o titulo""),"
"\src\components\admin\AmbienteForm.jsx","15","SEM_ACENTO (descricao)","descricao: z.string().min(5, ""Informe a descricao""),"
"\src\components\admin\AmbienteForm.jsx","18","SEM_ACENTO (publicado)","publicado: z.boolean().default(true),"
"\src\components\admin\AmbienteForm.jsx","30","SEM_ACENTO (ambiente)","export default function AmbienteForm({ ambiente }) {"
"\src\components\admin\AmbienteForm.jsx","41","SEM_ACENTO (ambiente)","defaultValues: ambiente || {"
"\src\components\admin\AmbienteForm.jsx","42","SEM_ACENTO (titulo)","titulo: """","
"\src\components\admin\AmbienteForm.jsx","44","SEM_ACENTO (descricao)","descricao: """","
"\src\components\admin\AmbienteForm.jsx","47","SEM_ACENTO (publicado)","publicado: true,"
"\src\components\admin\AmbienteForm.jsx","54","SEM_ACENTO (ambiente)","const url = ambiente"
"\src\components\admin\AmbienteForm.jsx","55","SEM_ACENTO (ambiente)","? `/api/admin/ambientes/${ambiente.id}`"
"\src\components\admin\AmbienteForm.jsx","57","SEM_ACENTO (ambiente)","const method = ambiente ? ""PUT"" : ""POST"";"
"\src\components\admin\AmbienteForm.jsx","70","SEM_ACENTO (nao)","setErro(""Nao foi possivel salvar. Tente novamente."");"
"\src\components\admin\AmbienteForm.jsx","81","SEM_ACENTO (titulo)","Titulo *"
"\src\components\admin\AmbienteForm.jsx","85","SEM_ACENTO (titulo)","{...register(""titulo"")}"
"\src\components\admin\AmbienteForm.jsx","87","SEM_ACENTO (ambiente)","if (!ambiente) setValue(""slug"", gerarSlug(e.target.value));"
"\src\components\admin\AmbienteForm.jsx","91","SEM_ACENTO (titulo)","{errors.titulo && ("
"\src\components\admin\AmbienteForm.jsx","92","SEM_ACENTO (titulo)","<p className=""text-sm text-red-700 mt-1"">{errors.titulo.message}</p>"
"\src\components\admin\AmbienteForm.jsx","112","SEM_ACENTO (descricao)","Descricao *"
"\src\components\admin\AmbienteForm.jsx","116","SEM_ACENTO (descricao)","{...register(""descricao"")}"
"\src\components\admin\AmbienteForm.jsx","119","SEM_ACENTO (descricao)","{errors.descricao && ("
"\src\components\admin\AmbienteForm.jsx","121","SEM_ACENTO (descricao)","{errors.descricao.message}"
"\src\components\admin\AmbienteForm.jsx","132","SEM_ACENTO (cozinha)","placeholder=""/images/ambientes/cozinha.jpg"""
"\src\components\admin\AmbienteForm.jsx","138","SEM_ACENTO (nao)","aqui (upload direto ainda nao esta disponivel)."
"\src\components\admin\AmbienteForm.jsx","138","SEM_ACENTO (esta)","aqui (upload direto ainda nao esta disponivel)."
"\src\components\admin\AmbienteForm.jsx","161","SEM_ACENTO (publicado)","id=""publicado"""
"\src\components\admin\AmbienteForm.jsx","162","SEM_ACENTO (publicado)","{...register(""publicado"")}"
"\src\components\admin\AmbienteForm.jsx","166","SEM_ACENTO (publicado)","htmlFor=""publicado"""
"\src\components\admin\AmbienteForm.jsx","169","SEM_ACENTO (publicado)","Publicado (visivel no site)"
"\src\components\admin\BannerForm.jsx","10","SEM_ACENTO (titulo)","titulo: z.string().min(2, ""Informe o titulo""),"
"\src\components\admin\BannerForm.jsx","30","SEM_ACENTO (titulo)","titulo: """","
"\src\components\admin\BannerForm.jsx","57","SEM_ACENTO (nao)","setErro(""Nao foi possivel salvar. Tente novamente."");"
"\src\components\admin\BannerForm.jsx","68","SEM_ACENTO (titulo)","Titulo *"
"\src\components\admin\BannerForm.jsx","72","SEM_ACENTO (titulo)","{...register(""titulo"")}"
"\src\components\admin\BannerForm.jsx","75","SEM_ACENTO (titulo)","{errors.titulo && ("
"\src\components\admin\BannerForm.jsx","76","SEM_ACENTO (titulo)","<p className=""text-sm text-red-700 mt-1"">{errors.titulo.message}</p>"
"\src\components\admin\BannerForm.jsx","106","SEM_ACENTO (nao)","(upload direto ainda nao esta disponivel)."
"\src\components\admin\BannerForm.jsx","106","SEM_ACENTO (esta)","(upload direto ainda nao esta disponivel)."
"\src\components\admin\BannerForm.jsx","115","SEM_ACENTO (botao)","Link do botao (opcional)"
"\src\components\admin\BannerForm.jsx","130","SEM_ACENTO (botao)","Texto do botao (opcional)"
"\src\components\admin\BannerForm.jsx","134","SEM_ACENTO (projeto)","placeholder=""Solicitar um Projeto"""
"\src\components\admin\DeleteButton.jsx","21","SEM_ACENTO (nao)","alert(""Nao foi possivel excluir. Tente novamente."");"
"\src\components\admin\DepoimentoForm.jsx","12","SEM_ACENTO (maxima)","notaEstrelas: z.coerce.number().int().min(1, ""Nota minima 1"").max(5, ""Nota maxima 5"").default(5),"
"\src\components\admin\DepoimentoForm.jsx","14","SEM_ACENTO (publicado)","publicado: z.boolean().default(true),"
"\src\components\admin\DepoimentoForm.jsx","32","SEM_ACENTO (publicado)","publicado: true,"
"\src\components\admin\DepoimentoForm.jsx","55","SEM_ACENTO (nao)","setErro(""Nao foi possivel salvar. Tente novamente."");"
"\src\components\admin\DepoimentoForm.jsx","131","SEM_ACENTO (publicado)","id=""publicado"""
"\src\components\admin\DepoimentoForm.jsx","132","SEM_ACENTO (publicado)","{...register(""publicado"")}"
"\src\components\admin\DepoimentoForm.jsx","136","SEM_ACENTO (publicado)","htmlFor=""publicado"""
"\src\components\admin\DepoimentoForm.jsx","139","SEM_ACENTO (publicado)","Publicado (visivel no site)"
"\src\components\admin\FaqForm.jsx","13","SEM_ACENTO (publicado)","publicado: z.boolean().default(true),"
"\src\components\admin\FaqForm.jsx","30","SEM_ACENTO (publicado)","publicado: true,"
"\src\components\admin\FaqForm.jsx","51","SEM_ACENTO (nao)","setErro(""Nao foi possivel salvar. Tente novamente."");"
"\src\components\admin\FaqForm.jsx","104","SEM_ACENTO (publicado)","id=""publicado"""
"\src\components\admin\FaqForm.jsx","105","SEM_ACENTO (publicado)","{...register(""publicado"")}"
"\src\components\admin\FaqForm.jsx","109","SEM_ACENTO (publicado)","htmlFor=""publicado"""
"\src\components\admin\FaqForm.jsx","112","SEM_ACENTO (publicado)","Publicado (visivel no site)"
"\src\components\admin\LeadStatusSelect.jsx","9","SEM_ACENTO (orcamento)","{ valor: ""ORCAMENTO_ENVIADO"", rotulo: ""Orcamento enviado"" },"
"\src\components\admin\PortfolioForm.jsx","10","SEM_ACENTO (titulo)","titulo: z.string().min(2, ""Informe o titulo""),"
"\src\components\admin\PortfolioForm.jsx","15","SEM_ACENTO (descricao)","descricao: z.string().min(5, ""Informe a descricao""),"
"\src\components\admin\PortfolioForm.jsx","16","SEM_ACENTO (categoria)","categoria: z.string().min(2, ""Informe a categoria""),"
"\src\components\admin\PortfolioForm.jsx","20","SEM_ACENTO (publicado)","publicado: z.boolean().default(true),"
"\src\components\admin\PortfolioForm.jsx","32","SEM_ACENTO (projeto)","export default function PortfolioForm({ projeto }) {"
"\src\components\admin\PortfolioForm.jsx","43","SEM_ACENTO (projeto)","defaultValues: projeto"
"\src\components\admin\PortfolioForm.jsx","45","SEM_ACENTO (projeto)","...projeto,"
"\src\components\admin\PortfolioForm.jsx","46","SEM_ACENTO (projeto)","imagensGaleriaTexto: (projeto.imagensGaleria || []).join(""\n""),"
"\src\components\admin\PortfolioForm.jsx","49","SEM_ACENTO (titulo)","titulo: """","
"\src\components\admin\PortfolioForm.jsx","51","SEM_ACENTO (descricao)","descricao: """","
"\src\components\admin\PortfolioForm.jsx","52","SEM_ACENTO (categoria)","categoria: """","
"\src\components\admin\PortfolioForm.jsx","56","SEM_ACENTO (publicado)","publicado: true,"
"\src\components\admin\PortfolioForm.jsx","69","SEM_ACENTO (titulo)","titulo: dados.titulo,"
"\src\components\admin\PortfolioForm.jsx","71","SEM_ACENTO (descricao)","descricao: dados.descricao,"
"\src\components\admin\PortfolioForm.jsx","72","SEM_ACENTO (categoria)","categoria: dados.categoria,"
"\src\components\admin\PortfolioForm.jsx","76","SEM_ACENTO (publicado)","publicado: dados.publicado,"
"\src\components\admin\PortfolioForm.jsx","79","SEM_ACENTO (projeto)","const url = projeto"
"\src\components\admin\PortfolioForm.jsx","80","SEM_ACENTO (portfolio)","? `/api/admin/portfolio/${projeto.id}`"
"\src\components\admin\PortfolioForm.jsx","80","SEM_ACENTO (projeto)","? `/api/admin/portfolio/${projeto.id}`"
"\src\components\admin\PortfolioForm.jsx","81","SEM_ACENTO (portfolio)",": ""/api/admin/portfolio"";"
"\src\components\admin\PortfolioForm.jsx","82","SEM_ACENTO (projeto)","const method = projeto ? ""PUT"" : ""POST"";"
"\src\components\admin\PortfolioForm.jsx","92","SEM_ACENTO (portfolio)","router.push(""/admin/portfolio"");"
"\src\components\admin\PortfolioForm.jsx","95","SEM_ACENTO (nao)","setErro(""Nao foi possivel salvar. Tente novamente."");"
"\src\components\admin\PortfolioForm.jsx","106","SEM_ACENTO (titulo)","Titulo *"
"\src\components\admin\PortfolioForm.jsx","110","SEM_ACENTO (titulo)","{...register(""titulo"")}"
"\src\components\admin\PortfolioForm.jsx","112","SEM_ACENTO (projeto)","if (!projeto) setValue(""slug"", gerarSlug(e.target.value));"
"\src\components\admin\PortfolioForm.jsx","116","SEM_ACENTO (titulo)","{errors.titulo && ("
"\src\components\admin\PortfolioForm.jsx","117","SEM_ACENTO (titulo)","<p className=""text-sm text-red-700 mt-1"">{errors.titulo.message}</p>"
"\src\components\admin\PortfolioForm.jsx","137","SEM_ACENTO (categoria)","Categoria *"
"\src\components\admin\PortfolioForm.jsx","141","SEM_ACENTO (escritorios)","placeholder=""Cozinhas, Quartos, Salas, Escritorios..."""
"\src\components\admin\PortfolioForm.jsx","142","SEM_ACENTO (categoria)","{...register(""categoria"")}"
"\src\components\admin\PortfolioForm.jsx","145","SEM_ACENTO (categoria)","{errors.categoria && ("
"\src\components\admin\PortfolioForm.jsx","147","SEM_ACENTO (categoria)","{errors.categoria.message}"
"\src\components\admin\PortfolioForm.jsx","154","SEM_ACENTO (descricao)","Descricao *"
"\src\components\admin\PortfolioForm.jsx","158","SEM_ACENTO (descricao)","{...register(""descricao"")}"
"\src\components\admin\PortfolioForm.jsx","161","SEM_ACENTO (descricao)","{errors.descricao && ("
"\src\components\admin\PortfolioForm.jsx","163","SEM_ACENTO (descricao)","{errors.descricao.message}"
"\src\components\admin\PortfolioForm.jsx","174","SEM_ACENTO (portfolio)","placeholder=""/images/portfolio/projeto-01.jpg"""
"\src\components\admin\PortfolioForm.jsx","174","SEM_ACENTO (projeto)","placeholder=""/images/portfolio/projeto-01.jpg"""
"\src\components\admin\PortfolioForm.jsx","192","SEM_ACENTO (portfolio)","""/images/portfolio/projeto-01-galeria-1.jpg\n/images/portfolio/projeto-01-galeria-2.jpg"""
"\src\components\admin\PortfolioForm.jsx","192","SEM_ACENTO (projeto)","""/images/portfolio/projeto-01-galeria-1.jpg\n/images/portfolio/projeto-01-galeria-2.jpg"""
"\src\components\admin\PortfolioForm.jsx","198","SEM_ACENTO (portfolio)","Copie as fotos para public/images/portfolio/ e liste um caminho"
"\src\components\admin\PortfolioForm.jsx","214","SEM_ACENTO (projeto)","Projeto em destaque"
"\src\components\admin\PortfolioForm.jsx","221","SEM_ACENTO (publicado)","id=""publicado"""
"\src\components\admin\PortfolioForm.jsx","222","SEM_ACENTO (publicado)","{...register(""publicado"")}"
"\src\components\admin\PortfolioForm.jsx","226","SEM_ACENTO (publicado)","htmlFor=""publicado"""
"\src\components\admin\PortfolioForm.jsx","229","SEM_ACENTO (publicado)","Publicado (visivel no site)"
"\src\components\admin\PortfolioForm.jsx","245","SEM_ACENTO (portfolio)","onClick={() => router.push(""/admin/portfolio"")}"
"\src\components\admin\PostBlogForm.jsx","10","SEM_ACENTO (titulo)","titulo: z.string().min(3, ""Informe o titulo""),"
"\src\components\admin\PostBlogForm.jsx","20","SEM_ACENTO (publicado)","publicado: z.boolean().default(false),"
"\src\components\admin\PostBlogForm.jsx","49","SEM_ACENTO (titulo)","titulo: """","
"\src\components\admin\PostBlogForm.jsx","56","SEM_ACENTO (publicado)","publicado: false,"
"\src\components\admin\PostBlogForm.jsx","60","SEM_ACENTO (titulo)","const titulo = watch(""titulo"");"
"\src\components\admin\PostBlogForm.jsx","64","SEM_ACENTO (titulo)","setValue(""slug"", gerarSlug(titulo || """"));"
"\src\components\admin\PostBlogForm.jsx","66","SEM_ACENTO (titulo)","}, [titulo, setValue]);"
"\src\components\admin\PostBlogForm.jsx","88","SEM_ACENTO (nao)","setErro(error.message || ""Nao foi possivel salvar. Tente novamente."");"
"\src\components\admin\PostBlogForm.jsx","96","SEM_ACENTO (titulo)","Titulo *"
"\src\components\admin\PostBlogForm.jsx","100","SEM_ACENTO (titulo)","{...register(""titulo"")}"
"\src\components\admin\PostBlogForm.jsx","103","SEM_ACENTO (titulo)","{errors.titulo && ("
"\src\components\admin\PostBlogForm.jsx","104","SEM_ACENTO (titulo)","<p className=""text-sm text-red-700 mt-1"">{errors.titulo.message}</p>"
"\src\components\admin\PostBlogForm.jsx","114","SEM_ACENTO (moveis)","placeholder=""cuidados-com-moveis-planejados"""
"\src\components\admin\PostBlogForm.jsx","123","SEM_ACENTO (titulo)","Gerado automaticamente a partir do titulo. Pode editar se quiser uma URL diferente."
"\src\components\admin\PostBlogForm.jsx","140","SEM_ACENTO (descricao)","Aparece na listagem do blog e como descricao padrao para buscadores se o Meta Descricao ficar em branco."
"\src\components\admin\PostBlogForm.jsx","140","SEM_ACENTO (padrao)","Aparece na listagem do blog e como descricao padrao para buscadores se o Meta Descricao ficar em branco."
"\src\components\admin\PostBlogForm.jsx","173","SEM_ACENTO (nao)","(upload direto ainda nao esta disponivel)."
"\src\components\admin\PostBlogForm.jsx","173","SEM_ACENTO (esta)","(upload direto ainda nao esta disponivel)."
"\src\components\admin\PostBlogForm.jsx","187","SEM_ACENTO (titulo)","Meta titulo"
"\src\components\admin\PostBlogForm.jsx","191","SEM_ACENTO (titulo)","placeholder=""Deixe em branco para usar o titulo do post"""
"\src\components\admin\PostBlogForm.jsx","198","SEM_ACENTO (descricao)","Meta descricao"
"\src\components\admin\PostBlogForm.jsx","213","SEM_ACENTO (publicado)","id=""publicado"""
"\src\components\admin\PostBlogForm.jsx","214","SEM_ACENTO (publicado)","{...register(""publicado"")}"
"\src\components\admin\PostBlogForm.jsx","217","SEM_ACENTO (publicado)","<label htmlFor=""publicado"" className=""font-texto text-sm text-preto-fosco"">"
"\src\components\admin\PostBlogForm.jsx","218","SEM_ACENTO (publicado)","Publicado (visivel no site)"
"\src\components\admin\Sidebar.jsx","9","SEM_ACENTO (portfolio)","{ nome: ""Portfolio"", href: ""/admin/portfolio"" },"
"\src\components\admin\Sidebar.jsx","23","SEM_ACENTO (titulo)","<span className=""font-titulo text-branco-gelo text-lg"">AW Admin</span>"
"\src\components\sections\Ambientes.jsx","6","SEM_ACENTO (cozinha)","imagem: ""/images/ambientes/cozinha.jpg"","
"\src\components\sections\Ambientes.jsx","7","SEM_ACENTO (cozinha)","alt: ""Cozinha planejada em madeira escura com iluminacao embutida"","
"\src\components\sections\Ambientes.jsx","12","SEM_ACENTO (closet)","alt: ""Quarto planejado com closet integrado em marcenaria de alto padrao"","
"\src\components\sections\Ambientes.jsx","12","SEM_ACENTO (padrao)","alt: ""Quarto planejado com closet integrado em marcenaria de alto padrao"","
"\src\components\sections\Ambientes.jsx","26","SEM_ACENTO (banheiro)","imagem: ""/images/ambientes/banheiro.jpg"","
"\src\components\sections\Ambientes.jsx","27","SEM_ACENTO (banheiro)","alt: ""Banheiro com marcenaria planejada e acabamento premium"","
"\src\components\sections\Ambientes.jsx","27","SEM_ACENTO (premium)","alt: ""Banheiro com marcenaria planejada e acabamento premium"","
"\src\components\sections\Ambientes.jsx","27","SEM_ACENTO (acabamento)","alt: ""Banheiro com marcenaria planejada e acabamento premium"","
"\src\components\sections\Ambientes.jsx","41","SEM_ACENTO (titulo)","aria-labelledby=""ambientes-titulo"""
"\src\components\sections\Ambientes.jsx","49","SEM_ACENTO (titulo)","id=""ambientes-titulo"""
"\src\components\sections\Ambientes.jsx","50","SEM_ACENTO (titulo)","className=""font-titulo text-3xl md:text-4xl text-branco-gelo leading-tight mt-4"""
"\src\components\sections\Ambientes.jsx","57","SEM_ACENTO (ambiente)","{AMBIENTES.map((ambiente) => ("
"\src\components\sections\Ambientes.jsx","59","SEM_ACENTO (ambiente)","key={ambiente.nome}"
"\src\components\sections\Ambientes.jsx","60","SEM_ACENTO (portfolio)","href=""#portfolio"""
"\src\components\sections\Ambientes.jsx","64","SEM_ACENTO (ambiente)","src={ambiente.imagem}"
"\src\components\sections\Ambientes.jsx","65","SEM_ACENTO (ambiente)","alt={ambiente.alt}"
"\src\components\sections\Ambientes.jsx","72","SEM_ACENTO (titulo)","<h3 className=""font-titulo text-xl text-branco-gelo"">"
"\src\components\sections\Ambientes.jsx","73","SEM_ACENTO (ambiente)","{ambiente.nome}"
"\src\components\sections\Contato.jsx","17","SEM_ACENTO (cozinha)","""Cozinha"","
"\src\components\sections\Contato.jsx","21","SEM_ACENTO (banheiro)","""Banheiro"","
"\src\components\sections\Contato.jsx","63","SEM_ACENTO (titulo)","aria-labelledby=""contato-titulo"""
"\src\components\sections\Contato.jsx","71","SEM_ACENTO (titulo)","id=""contato-titulo"""
"\src\components\sections\Contato.jsx","72","SEM_ACENTO (titulo)","className=""font-titulo text-3xl md:text-4xl text-preto-fosco leading-tight mt-4"""
"\src\components\sections\Contato.jsx","74","SEM_ACENTO (projeto)","Vamos planejar o seu projeto"
"\src\components\sections\Contato.jsx","77","SEM_ACENTO (formulario)","Preencha o formulario abaixo e nossa equipe entra em contato para"
"\src\components\sections\Contato.jsx","78","SEM_ACENTO (projeto)","entender seu projeto e agendar uma visita."
"\src\components\sections\Contato.jsx","84","SEM_ACENTO (titulo)","<p className=""font-titulo text-xl text-preto-fosco"">"
"\src\components\sections\Contato.jsx","159","SEM_ACENTO (ambiente)","htmlFor=""contato-ambiente"""
"\src\components\sections\Contato.jsx","162","SEM_ACENTO (ambiente)","Ambiente de interesse"
"\src\components\sections\Contato.jsx","165","SEM_ACENTO (ambiente)","id=""contato-ambiente"""
"\src\components\sections\Contato.jsx","195","SEM_ACENTO (nao)","Nao foi possivel enviar agora. Tente novamente ou chame no"
"\src\components\sections\Depoimentos.jsx","6","SEM_ACENTO (publicado)","where: { publicado: true },"
"\src\components\sections\Depoimentos.jsx","16","SEM_ACENTO (titulo)","aria-labelledby=""depoimentos-titulo"""
"\src\components\sections\Depoimentos.jsx","24","SEM_ACENTO (titulo)","id=""depoimentos-titulo"""
"\src\components\sections\Depoimentos.jsx","25","SEM_ACENTO (titulo)","className=""font-titulo text-3xl md:text-4xl text-branco-gelo leading-tight mt-4"""
"\src\components\sections\DepoimentosSwiper.jsx","31","SEM_ACENTO (titulo)","<p className=""font-titulo text-xl md:text-2xl text-branco-gelo leading-relaxed italic"">"
"\src\components\sections\Faq.jsx","6","SEM_ACENTO (publicado)","where: { publicado: true },"
"\src\components\sections\Faq.jsx","29","SEM_ACENTO (titulo)","aria-labelledby=""faq-titulo"""
"\src\components\sections\Faq.jsx","41","SEM_ACENTO (titulo)","id=""faq-titulo"""
"\src\components\sections\Faq.jsx","42","SEM_ACENTO (titulo)","className=""font-titulo text-3xl md:text-4xl text-preto-fosco leading-tight mt-4"""
"\src\components\sections\FaqAccordion.jsx","19","SEM_ACENTO (titulo)","<span className=""font-titulo text-lg text-preto-fosco"">"
"\src\components\sections\Portfolio.jsx","3","SEM_ACENTO (portfolio)","export default async function Portfolio() {"
"\src\components\sections\Portfolio.jsx","5","SEM_ACENTO (publicado)","where: { publicado: true },"
"\src\components\sections\Portfolio.jsx","10","SEM_ACENTO (portfolio)","id=""portfolio"""
"\src\components\sections\Portfolio.jsx","12","SEM_ACENTO (portfolio)","aria-labelledby=""portfolio-titulo"""
"\src\components\sections\Portfolio.jsx","12","SEM_ACENTO (titulo)","aria-labelledby=""portfolio-titulo"""
"\src\components\sections\Portfolio.jsx","17","SEM_ACENTO (portfolio)","Portfolio"
"\src\components\sections\Portfolio.jsx","20","SEM_ACENTO (portfolio)","id=""portfolio-titulo"""
"\src\components\sections\Portfolio.jsx","20","SEM_ACENTO (titulo)","id=""portfolio-titulo"""
"\src\components\sections\Portfolio.jsx","21","SEM_ACENTO (titulo)","className=""font-titulo text-3xl md:text-4xl text-preto-fosco leading-tight mt-4"""
"\src\components\sections\PortfolioGaleria.jsx","9","SEM_ACENTO (categoria)","const unicas = Array.from(new Set(projetos.map((p) => p.categoria)));"
"\src\components\sections\PortfolioGaleria.jsx","16","SEM_ACENTO (categoria)",": projetos.filter((p) => p.categoria === categoriaAtiva);"
"\src\components\sections\PortfolioGaleria.jsx","20","SEM_ACENTO (projeto)","Nenhum projeto publicado no momento."
"\src\components\sections\PortfolioGaleria.jsx","20","SEM_ACENTO (publicado)","Nenhum projeto publicado no momento."
"\src\components\sections\PortfolioGaleria.jsx","28","SEM_ACENTO (categoria)","{categorias.map((categoria) => {"
"\src\components\sections\PortfolioGaleria.jsx","29","SEM_ACENTO (categoria)","const ativo = categoria === categoriaAtiva;"
"\src\components\sections\PortfolioGaleria.jsx","32","SEM_ACENTO (categoria)","key={categoria}"
"\src\components\sections\PortfolioGaleria.jsx","34","SEM_ACENTO (categoria)","onClick={() => setCategoriaAtiva(categoria)}"
"\src\components\sections\PortfolioGaleria.jsx","41","SEM_ACENTO (categoria)","{categoria}"
"\src\components\sections\PortfolioGaleria.jsx","48","SEM_ACENTO (projeto)","{projetosFiltrados.map((projeto) => ("
"\src\components\sections\PortfolioGaleria.jsx","50","SEM_ACENTO (projeto)","key={projeto.id}"
"\src\components\sections\PortfolioGaleria.jsx","51","SEM_ACENTO (portfolio)","href={`/portfolio/${projeto.slug}`}"
"\src\components\sections\PortfolioGaleria.jsx","51","SEM_ACENTO (projeto)","href={`/portfolio/${projeto.slug}`}"
"\src\components\sections\PortfolioGaleria.jsx","54","SEM_ACENTO (projeto)","{imagemValida(projeto.imagemCapa) ? ("
"\src\components\sections\PortfolioGaleria.jsx","56","SEM_ACENTO (projeto)","src={projeto.imagemCapa}"
"\src\components\sections\PortfolioGaleria.jsx","57","SEM_ACENTO (titulo)","alt={projeto.titulo}"
"\src\components\sections\PortfolioGaleria.jsx","57","SEM_ACENTO (projeto)","alt={projeto.titulo}"
"\src\components\sections\PortfolioGaleria.jsx","72","SEM_ACENTO (projeto)","{projeto.categoria}"
"\src\components\sections\PortfolioGaleria.jsx","72","SEM_ACENTO (categoria)","{projeto.categoria}"
"\src\components\sections\PortfolioGaleria.jsx","74","SEM_ACENTO (titulo)","<h3 className=""font-titulo text-lg text-branco-gelo mt-1"">"
"\src\components\sections\PortfolioGaleria.jsx","75","SEM_ACENTO (titulo)","{projeto.titulo}"
"\src\components\sections\PortfolioGaleria.jsx","75","SEM_ACENTO (projeto)","{projeto.titulo}"
"\src\components\sections\Processo.jsx","4","SEM_ACENTO (titulo)","titulo: ""Consultoria"","
"\src\components\sections\Processo.jsx","4","SEM_ACENTO (consultoria)","titulo: ""Consultoria"","
"\src\components\sections\Processo.jsx","5","SEM_ACENTO (descricao)","descricao:"
"\src\components\sections\Processo.jsx","6","SEM_ACENTO (espaco)","""Entendemos seu estilo, necessidades e espaco em uma conversa inicial sem compromisso."","
"\src\components\sections\Processo.jsx","10","SEM_ACENTO (titulo)","titulo: ""Projeto"","
"\src\components\sections\Processo.jsx","10","SEM_ACENTO (projeto)","titulo: ""Projeto"","
"\src\components\sections\Processo.jsx","11","SEM_ACENTO (descricao)","descricao:"
"\src\components\sections\Processo.jsx","12","SEM_ACENTO (projeto)","""Nossa equipe de design desenvolve o projeto personalizado para o seu ambiente."","
"\src\components\sections\Processo.jsx","12","SEM_ACENTO (ambiente)","""Nossa equipe de design desenvolve o projeto personalizado para o seu ambiente."","
"\src\components\sections\Processo.jsx","16","SEM_ACENTO (aprovacao)","titulo: ""Aprovacao"","
"\src\components\sections\Processo.jsx","16","SEM_ACENTO (titulo)","titulo: ""Aprovacao"","
"\src\components\sections\Processo.jsx","17","SEM_ACENTO (descricao)","descricao:"
"\src\components\sections\Processo.jsx","18","SEM_ACENTO (voce)","""Voce revisa cada detalhe, ajusta o quanto quiser, e aprova a versao final."","
"\src\components\sections\Processo.jsx","22","SEM_ACENTO (producao)","titulo: ""Producao"","
"\src\components\sections\Processo.jsx","22","SEM_ACENTO (titulo)","titulo: ""Producao"","
"\src\components\sections\Processo.jsx","23","SEM_ACENTO (descricao)","descricao:"
"\src\components\sections\Processo.jsx","24","SEM_ACENTO (premium)","""Fabricamos com materiais premium e ferragens de primeira linha em nossa marcenaria."","
"\src\components\sections\Processo.jsx","24","SEM_ACENTO (ferragens)","""Fabricamos com materiais premium e ferragens de primeira linha em nossa marcenaria."","
"\src\components\sections\Processo.jsx","24","SEM_ACENTO (materiais)","""Fabricamos com materiais premium e ferragens de primeira linha em nossa marcenaria."","
"\src\components\sections\Processo.jsx","28","SEM_ACENTO (instalacao)","titulo: ""Instalacao"","
"\src\components\sections\Processo.jsx","28","SEM_ACENTO (titulo)","titulo: ""Instalacao"","
"\src\components\sections\Processo.jsx","29","SEM_ACENTO (descricao)","descricao:"
"\src\components\sections\Processo.jsx","30","SEM_ACENTO (instalacao)","""Equipe especializada realiza a instalacao com precisao e cuidado no seu espaco."","
"\src\components\sections\Processo.jsx","30","SEM_ACENTO (espaco)","""Equipe especializada realiza a instalacao com precisao e cuidado no seu espaco."","
"\src\components\sections\Processo.jsx","34","SEM_ACENTO (titulo)","titulo: ""Entrega"","
"\src\components\sections\Processo.jsx","35","SEM_ACENTO (descricao)","descricao:"
"\src\components\sections\Processo.jsx","36","SEM_ACENTO (voce)","""Voce recebe o ambiente pronto, com garantia e suporte pos-venda."","
"\src\components\sections\Processo.jsx","36","SEM_ACENTO (garantia)","""Voce recebe o ambiente pronto, com garantia e suporte pos-venda."","
"\src\components\sections\Processo.jsx","36","SEM_ACENTO (ambiente)","""Voce recebe o ambiente pronto, com garantia e suporte pos-venda."","
"\src\components\sections\Processo.jsx","45","SEM_ACENTO (titulo)","aria-labelledby=""processo-titulo"""
"\src\components\sections\Processo.jsx","53","SEM_ACENTO (titulo)","id=""processo-titulo"""
"\src\components\sections\Processo.jsx","54","SEM_ACENTO (titulo)","className=""font-titulo text-3xl md:text-4xl text-branco-gelo leading-tight mt-4"""
"\src\components\sections\Processo.jsx","63","SEM_ACENTO (titulo)","<span className=""font-titulo text-4xl text-dourado/60"">"
"\src\components\sections\Processo.jsx","66","SEM_ACENTO (titulo)","<h3 className=""font-titulo text-xl text-branco-gelo"">"
"\src\components\sections\Processo.jsx","67","SEM_ACENTO (titulo)","{passo.titulo}"
"\src\components\sections\Processo.jsx","70","SEM_ACENTO (descricao)","{passo.descricao}"
"\src\components\sections\Sobre.jsx","9","SEM_ACENTO (titulo)","aria-labelledby=""sobre-titulo"""
"\src\components\sections\Sobre.jsx","32","SEM_ACENTO (titulo)","id=""sobre-titulo"""
"\src\components\sections\Sobre.jsx","33","SEM_ACENTO (titulo)","className=""font-titulo text-3xl md:text-4xl text-preto-fosco leading-tight"""
"\src\components\sections\Sobre.jsx","35","SEM_ACENTO (elegancia)","Onde a precisao encontra a elegancia, criando ambientes para geracoes."
"\src\components\sections\Sobre.jsx","39","SEM_ACENTO (impecavel)","Ha mais de uma decada, a AW Marcenaria transforma projetos em moveis planejados de alto padrao, combinando madeiras nobres, acabamento impecavel e um processo artesanal que valoriza cada detalhe, criando ambientes unicos e atemporais."
"\src\components\sections\Sobre.jsx","39","SEM_ACENTO (moveis)","Ha mais de uma decada, a AW Marcenaria transforma projetos em moveis planejados de alto padrao, combinando madeiras nobres, acabamento impecavel e um processo artesanal que valoriza cada detalhe, criando ambientes unicos e atemporais."
"\src\components\sections\Sobre.jsx","39","SEM_ACENTO (artesanal)","Ha mais de uma decada, a AW Marcenaria transforma projetos em moveis planejados de alto padrao, combinando madeiras nobres, acabamento impecavel e um processo artesanal que valoriza cada detalhe, criando ambientes unicos e atemporais."
"\src\components\sections\Sobre.jsx","39","SEM_ACENTO (padrao)","Ha mais de uma decada, a AW Marcenaria transforma projetos em moveis planejados de alto padrao, combinando madeiras nobres, acabamento impecavel e um processo artesanal que valoriza cada detalhe, criando ambientes unicos e atemporais."
"\src\components\sections\Sobre.jsx","39","SEM_ACENTO (acabamento)","Ha mais de uma decada, a AW Marcenaria transforma projetos em moveis planejados de alto padrao, combinando madeiras nobres, acabamento impecavel e um processo artesanal que valoriza cada detalhe, criando ambientes unicos e atemporais."
"\src\components\sections\Sobre.jsx","43","SEM_ACENTO (sao)","Do primeiro esboco a instalacao final, cada projeto e desenvolvido sob medida, unindo precisao, sofisticacao e excelencia artesanal. O resultado sao ambientes funcionais, duraveis e com uma estetica atemporal, criados para valorizar cada espaco e refletir a personalidade de seus clientes."
"\src\components\sections\Sobre.jsx","43","SEM_ACENTO (instalacao)","Do primeiro esboco a instalacao final, cada projeto e desenvolvido sob medida, unindo precisao, sofisticacao e excelencia artesanal. O resultado sao ambientes funcionais, duraveis e com uma estetica atemporal, criados para valorizar cada espaco e refletir a personalidade de seus clientes."
"\src\components\sections\Sobre.jsx","43","SEM_ACENTO (espaco)","Do primeiro esboco a instalacao final, cada projeto e desenvolvido sob medida, unindo precisao, sofisticacao e excelencia artesanal. O resultado sao ambientes funcionais, duraveis e com uma estetica atemporal, criados para valorizar cada espaco e refletir a personalidade de seus clientes."
"\src\components\sections\Sobre.jsx","43","SEM_ACENTO (sofisticacao)","Do primeiro esboco a instalacao final, cada projeto e desenvolvido sob medida, unindo precisao, sofisticacao e excelencia artesanal. O resultado sao ambientes funcionais, duraveis e com uma estetica atemporal, criados para valorizar cada espaco e refletir a personalidade de seus clientes."
"\src\components\sections\Sobre.jsx","43","SEM_ACENTO (projeto)","Do primeiro esboco a instalacao final, cada projeto e desenvolvido sob medida, unindo precisao, sofisticacao e excelencia artesanal. O resultado sao ambientes funcionais, duraveis e com uma estetica atemporal, criados para valorizar cada espaco e refletir a personalidade de seus clientes."
"\src\components\sections\Sobre.jsx","43","SEM_ACENTO (artesanal)","Do primeiro esboco a instalacao final, cada projeto e desenvolvido sob medida, unindo precisao, sofisticacao e excelencia artesanal. O resultado sao ambientes funcionais, duraveis e com uma estetica atemporal, criados para valorizar cada espaco e refletir a personalidade de seus clientes."
"\src\components\sections\Sobre.jsx","43","SEM_ACENTO (clientes)","Do primeiro esboco a instalacao final, cada projeto e desenvolvido sob medida, unindo precisao, sofisticacao e excelencia artesanal. O resultado sao ambientes funcionais, duraveis e com uma estetica atemporal, criados para valorizar cada espaco e refletir a personalidade de seus clientes."
"\src\components\site\Hero.jsx","9","SEM_ACENTO (titulo)","function HeroConteudo({ titulo, subtitulo, linkBotao, textoBotao }) {"
"\src\components\site\Hero.jsx","13","SEM_ACENTO (moveis)","Marcenaria e Moveis Planejados"
"\src\components\site\Hero.jsx","15","SEM_ACENTO (titulo)","<h1 className=""font-titulo text-4xl md:text-6xl text-branco-gelo leading-tight mb-6"">"
"\src\components\site\Hero.jsx","16","SEM_ACENTO (titulo)","{titulo}"
"\src\components\site\Hero.jsx","28","SEM_ACENTO (projeto)","{textoBotao || ""Solicite um Projeto""}"
"\src\components\site\Hero.jsx","34","SEM_ACENTO (conheca)","Conheca nossos ambientes"
"\src\components\site\Hero.jsx","48","SEM_ACENTO (titulo)","titulo={"
"\src\components\site\Hero.jsx","51","SEM_ACENTO (voce)","<span className=""block text-dourado"">quem voce e</span>"
"\src\components\site\Hero.jsx","54","SEM_ACENTO (instalacao)","subtitulo=""Projetos exclusivos de marcenaria planejada: do conceito a instalacao, com acabamento impecavel e atendimento personalizado do inicio ao fim."""
"\src\components\site\Hero.jsx","54","SEM_ACENTO (impecavel)","subtitulo=""Projetos exclusivos de marcenaria planejada: do conceito a instalacao, com acabamento impecavel e atendimento personalizado do inicio ao fim."""
"\src\components\site\Hero.jsx","54","SEM_ACENTO (inicio)","subtitulo=""Projetos exclusivos de marcenaria planejada: do conceito a instalacao, com acabamento impecavel e atendimento personalizado do inicio ao fim."""
"\src\components\site\Hero.jsx","54","SEM_ACENTO (atendimento)","subtitulo=""Projetos exclusivos de marcenaria planejada: do conceito a instalacao, com acabamento impecavel e atendimento personalizado do inicio ao fim."""
"\src\components\site\Hero.jsx","54","SEM_ACENTO (acabamento)","subtitulo=""Projetos exclusivos de marcenaria planejada: do conceito a instalacao, com acabamento impecavel e atendimento personalizado do inicio ao fim."""
"\src\components\site\Hero.jsx","56","SEM_ACENTO (projeto)","textoBotao=""Solicite um Projeto"""
"\src\components\site\Hero.jsx","81","SEM_ACENTO (titulo)","titulo={banner.titulo}"
"\src\components\Footer.jsx","6","SEM_ACENTO (portfolio)","{ nome: ""Portfolio"", href: ""/#portfolio"" },"
"\src\components\Footer.jsx","21","SEM_ACENTO (descricao)","{/* Logo e descricao */}"
"\src\components\Footer.jsx","26","SEM_ACENTO (moveis)","alt=""AW Marcenaria e Moveis Planejados"""
"\src\components\Footer.jsx","31","SEM_ACENTO (titulo)","<span className=""font-titulo text-branco-gelo text-base"">"
"\src\components\Footer.jsx","36","SEM_ACENTO (moveis)","Marcenaria e moveis planejados de alto padrao. Design,"
"\src\components\Footer.jsx","36","SEM_ACENTO (padrao)","Marcenaria e moveis planejados de alto padrao. Design,"
"\src\components\Footer.jsx","37","SEM_ACENTO (projeto)","qualidade e exclusividade em cada projeto."
"\src\components\Footer.jsx","37","SEM_ACENTO (qualidade)","qualidade e exclusividade em cada projeto."
"\src\components\Footer.jsx","65","SEM_ACENTO (formulario)","Preencha o formulario ou chame no WhatsApp para solicitar seu"
"\src\components\Footer.jsx","66","SEM_ACENTO (projeto)","projeto sob medida."
"\src\components\Footer.jsx","74","SEM_ACENTO (moveis)","&copy; {anoAtual} AW Marcenaria e Moveis Planejados. Todos os direitos"
"\src\components\Header.jsx","9","SEM_ACENTO (portfolio)","{ nome: ""Portfolio"", href: ""/#portfolio"" },"
"\src\components\Header.jsx","12","SEM_ACENTO (pagina)","{ nome: ""Blog"", href: ""/blog"", pagina: true },"
"\src\components\Header.jsx","38","SEM_ACENTO (moveis)","alt=""AW Marcenaria e Moveis Planejados"""
"\src\components\Header.jsx","44","SEM_ACENTO (titulo)","<span className=""font-titulo text-branco-gelo text-lg tracking-wide hidden sm:inline"">"
"\src\components\Header.jsx","51","SEM_ACENTO (pagina)","link.pagina ? ("
"\src\components\Header.jsx","70","SEM_ACENTO (botao)","{/* Botao menu mobile */}"
"\src\components\Header.jsx","99","SEM_ACENTO (pagina)","link.pagina ? ("
"\src\lib\auth.js","24","SEM_ACENTO (usuario)","const usuario = await prisma.usuario.findUnique({"
"\src\lib\auth.js","27","SEM_ACENTO (usuario)","if (!usuario || !usuario.ativo) return null;"
"\src\lib\auth.js","31","SEM_ACENTO (usuario)","usuario.senhaHash"
"\src\lib\auth.js","36","SEM_ACENTO (usuario)","id: usuario.id,"
"\src\lib\auth.js","37","SEM_ACENTO (usuario)","name: usuario.nome,"
"\src\lib\auth.js","38","SEM_ACENTO (usuario)","email: usuario.email,"
"\src\lib\auth.js","39","SEM_ACENTO (usuario)","papel: usuario.papel,"
"\src\lib\images.js","9","SEM_ACENTO (ambiente)","* @param {string} publicId - ex: ""aw-marcenaria/sobre/ambiente-01"""
