modelo,id,campo,tipo,trecho
"ProjetoPortfolio","cmsknto5p0000uggcsww8ene8","descricao","SEM_ACENTO (esta)","Uma Obra-Prima Culinária: Design Sob Medida e Sofisticação Atemporal

Esta cozinha não é apenas um espaço funcional, mas"
"ProjetoPortfolio","cmsknto5p0000uggcsww8ene8","descricao","SEM_ACENTO (ambiente)","Uma Obra-Prima Culinária: Design Sob Medida e Sofisticação Atemporal

Esta cozinha não é apenas um espaço funcional, mas"
"ProjetoPortfolio","cmsknto5p0000uggcsww8ene8","descricao","SEM_ACENTO (cozinha)","Uma Obra-Prima Culinária: Design Sob Medida e Sofisticação Atemporal

Esta cozinha não é apenas um espaço funcional, mas"
"ProjetoPortfolio","cmsknto5p0000uggcsww8ene8","descricao","SEM_ACENTO (premium)","Uma Obra-Prima Culinária: Design Sob Medida e Sofisticação Atemporal

Esta cozinha não é apenas um espaço funcional, mas"
"ProjetoPortfolio","cmsknto5p0000uggcsww8ene8","descricao","SEM_ACENTO (luxo)","Uma Obra-Prima Culinária: Design Sob Medida e Sofisticação Atemporal

Esta cozinha não é apenas um espaço funcional, mas"
"ProjetoPortfolio","cmsknto5p0000uggcsww8ene8","descricao","SEM_ACENTO (artesanal)","Uma Obra-Prima Culinária: Design Sob Medida e Sofisticação Atemporal

Esta cozinha não é apenas um espaço funcional, mas"
"ProjetoPortfolio","cmsknto5p0000uggcsww8ene8","descricao","SEM_ACENTO (ferragens)","Uma Obra-Prima Culinária: Design Sob Medida e Sofisticação Atemporal

Esta cozinha não é apenas um espaço funcional, mas"
"ProjetoPortfolio","cmsknto5p0000uggcsww8ene8","descricao","SEM_ACENTO (materiais)","Uma Obra-Prima Culinária: Design Sob Medida e Sofisticação Atemporal

Esta cozinha não é apenas um espaço funcional, mas"
"PostBlog","cmsmjhon70004ugncgtck89bm","titulo","SEM_ACENTO (qualidade)","Identificando Qualidade dos Móveis Planejados Antes de Comprar"
"PostBlog","cmsmjhon70004ugncgtck89bm","slug","SEM_ACENTO (moveis)","identificando-qualidade-dos-moveis-planejados-antes-de-comprar"
"PostBlog","cmsmjhon70004ugncgtck89bm","slug","SEM_ACENTO (qualidade)","identificando-qualidade-dos-moveis-planejados-antes-de-comprar"
"PostBlog","cmsmjhon70004ugncgtck89bm","resumo","SEM_ACENTO (qualidade)","Nem todos os móveis planejados são iguais. Dois projetos podem parecer semelhantes nas imagens ou no orçamento, mas apre"
"PostBlog","cmsmjhon70004ugncgtck89bm","resumo","SEM_ACENTO (acabamento)","Nem todos os móveis planejados são iguais. Dois projetos podem parecer semelhantes nas imagens ou no orçamento, mas apre"
"PostBlog","cmsmjhon70004ugncgtck89bm","resumo","SEM_ACENTO (ferragens)","Nem todos os móveis planejados são iguais. Dois projetos podem parecer semelhantes nas imagens ou no orçamento, mas apre"
"PostBlog","cmsmjhon70004ugncgtck89bm","resumo","SEM_ACENTO (materiais)","Nem todos os móveis planejados são iguais. Dois projetos podem parecer semelhantes nas imagens ou no orçamento, mas apre"
"PostBlog","cmsmjhon70004ugncgtck89bm","conteudo","SEM_ACENTO (garantia)","Móveis planejados de qualidade vão muito além da aparência

Ao solicitar orçamentos para móveis planejados, é comum enco"
"PostBlog","cmsmjhon70004ugncgtck89bm","conteudo","SEM_ACENTO (atendimento)","Móveis planejados de qualidade vão muito além da aparência

Ao solicitar orçamentos para móveis planejados, é comum enco"
"PostBlog","cmsmjhon70004ugncgtck89bm","conteudo","SEM_ACENTO (projeto)","Móveis planejados de qualidade vão muito além da aparência

Ao solicitar orçamentos para móveis planejados, é comum enco"
"PostBlog","cmsmjhon70004ugncgtck89bm","conteudo","SEM_ACENTO (ambiente)","Móveis planejados de qualidade vão muito além da aparência

Ao solicitar orçamentos para móveis planejados, é comum enco"
"PostBlog","cmsmjhon70004ugncgtck89bm","conteudo","SEM_ACENTO (closet)","Móveis planejados de qualidade vão muito além da aparência

Ao solicitar orçamentos para móveis planejados, é comum enco"
"PostBlog","cmsmjhon70004ugncgtck89bm","conteudo","SEM_ACENTO (cozinha)","Móveis planejados de qualidade vão muito além da aparência

Ao solicitar orçamentos para móveis planejados, é comum enco"
"PostBlog","cmsmjhon70004ugncgtck89bm","conteudo","SEM_ACENTO (showroom)","Móveis planejados de qualidade vão muito além da aparência

Ao solicitar orçamentos para móveis planejados, é comum enco"
"PostBlog","cmsmjhon70004ugncgtck89bm","conteudo","SEM_ACENTO (minimalista)","Móveis planejados de qualidade vão muito além da aparência

Ao solicitar orçamentos para móveis planejados, é comum enco"
"PostBlog","cmsmjhon70004ugncgtck89bm","conteudo","SEM_ACENTO (artesanal)","Móveis planejados de qualidade vão muito além da aparência

Ao solicitar orçamentos para móveis planejados, é comum enco"
"PostBlog","cmsmjhon70004ugncgtck89bm","conteudo","SEM_ACENTO (qualidade)","Móveis planejados de qualidade vão muito além da aparência

Ao solicitar orçamentos para móveis planejados, é comum enco"
"PostBlog","cmsmjhon70004ugncgtck89bm","conteudo","SEM_ACENTO (acabamento)","Móveis planejados de qualidade vão muito além da aparência

Ao solicitar orçamentos para móveis planejados, é comum enco"
"PostBlog","cmsmjhon70004ugncgtck89bm","conteudo","SEM_ACENTO (ferragens)","Móveis planejados de qualidade vão muito além da aparência

Ao solicitar orçamentos para móveis planejados, é comum enco"
"PostBlog","cmsmjhon70004ugncgtck89bm","conteudo","SEM_ACENTO (materiais)","Móveis planejados de qualidade vão muito além da aparência

Ao solicitar orçamentos para móveis planejados, é comum enco"
"PostBlog","cmsmjhon70004ugncgtck89bm","imagemCapa","SEM_ACENTO (qualidade)","/images/blog/qualidade.jpg"
"PostBlog","cmsmjhon70004ugncgtck89bm","metaTitulo","SEM_ACENTO (qualidade)","Como Identificar Móveis Planejados de Qualidade  Guia Completo"
"PostBlog","cmsmjhon70004ugncgtck89bm","metaDescricao","SEM_ACENTO (projeto)","Saiba como identificar móveis planejados de qualidade antes de comprar. Veja o que avaliar em MDF, ferragens, acabamento"
"PostBlog","cmsmjhon70004ugncgtck89bm","metaDescricao","SEM_ACENTO (qualidade)","Saiba como identificar móveis planejados de qualidade antes de comprar. Veja o que avaliar em MDF, ferragens, acabamento"
"PostBlog","cmsmjhon70004ugncgtck89bm","metaDescricao","SEM_ACENTO (acabamento)","Saiba como identificar móveis planejados de qualidade antes de comprar. Veja o que avaliar em MDF, ferragens, acabamento"
"PostBlog","cmsmjhon70004ugncgtck89bm","metaDescricao","SEM_ACENTO (ferragens)","Saiba como identificar móveis planejados de qualidade antes de comprar. Veja o que avaliar em MDF, ferragens, acabamento"
"PostBlog","cmsmglb4a0003ugncr5lkhcyl","slug","SEM_ACENTO (moveis)","moveis-planejados-de-alto-padrao-cuidados-essenciais-para-conservar-seus-moveis-por-muitos-anos"
"PostBlog","cmsmglb4a0003ugncr5lkhcyl","slug","SEM_ACENTO (padrao)","moveis-planejados-de-alto-padrao-cuidados-essenciais-para-conservar-seus-moveis-por-muitos-anos"
"PostBlog","cmsmglb4a0003ugncr5lkhcyl","resumo","SEM_ACENTO (garantia)","Móveis planejados de alto padrão são desenvolvidos para oferecer beleza, funcionalidade, precisão e longa vida útil. Mes"
"PostBlog","cmsmglb4a0003ugncr5lkhcyl","resumo","SEM_ACENTO (acabamento)","Móveis planejados de alto padrão são desenvolvidos para oferecer beleza, funcionalidade, precisão e longa vida útil. Mes"
"PostBlog","cmsmglb4a0003ugncr5lkhcyl","resumo","SEM_ACENTO (ferragens)","Móveis planejados de alto padrão são desenvolvidos para oferecer beleza, funcionalidade, precisão e longa vida útil. Mes"
"PostBlog","cmsmglb4a0003ugncr5lkhcyl","conteudo","SEM_ACENTO (garantia)","Móveis planejados de alto padrão são feitos para durar mas precisam de cuidados

Escolher móveis planejados de alto padr"
"PostBlog","cmsmglb4a0003ugncr5lkhcyl","conteudo","SEM_ACENTO (atendimento)","Móveis planejados de alto padrão são feitos para durar mas precisam de cuidados

Escolher móveis planejados de alto padr"
"PostBlog","cmsmglb4a0003ugncr5lkhcyl","conteudo","SEM_ACENTO (projeto)","Móveis planejados de alto padrão são feitos para durar mas precisam de cuidados

Escolher móveis planejados de alto padr"
"PostBlog","cmsmglb4a0003ugncr5lkhcyl","conteudo","SEM_ACENTO (ambiente)","Móveis planejados de alto padrão são feitos para durar mas precisam de cuidados

Escolher móveis planejados de alto padr"
"PostBlog","cmsmglb4a0003ugncr5lkhcyl","conteudo","SEM_ACENTO (closet)","Móveis planejados de alto padrão são feitos para durar mas precisam de cuidados

Escolher móveis planejados de alto padr"
"PostBlog","cmsmglb4a0003ugncr5lkhcyl","conteudo","SEM_ACENTO (cozinha)","Móveis planejados de alto padrão são feitos para durar mas precisam de cuidados

Escolher móveis planejados de alto padr"
"PostBlog","cmsmglb4a0003ugncr5lkhcyl","conteudo","SEM_ACENTO (banheiro)","Móveis planejados de alto padrão são feitos para durar mas precisam de cuidados

Escolher móveis planejados de alto padr"
"PostBlog","cmsmglb4a0003ugncr5lkhcyl","conteudo","SEM_ACENTO (artesanal)","Móveis planejados de alto padrão são feitos para durar mas precisam de cuidados

Escolher móveis planejados de alto padr"
"PostBlog","cmsmglb4a0003ugncr5lkhcyl","conteudo","SEM_ACENTO (qualidade)","Móveis planejados de alto padrão são feitos para durar mas precisam de cuidados

Escolher móveis planejados de alto padr"
"PostBlog","cmsmglb4a0003ugncr5lkhcyl","conteudo","SEM_ACENTO (conforto)","Móveis planejados de alto padrão são feitos para durar mas precisam de cuidados

Escolher móveis planejados de alto padr"
"PostBlog","cmsmglb4a0003ugncr5lkhcyl","conteudo","SEM_ACENTO (sofisticado)","Móveis planejados de alto padrão são feitos para durar mas precisam de cuidados

Escolher móveis planejados de alto padr"
"PostBlog","cmsmglb4a0003ugncr5lkhcyl","conteudo","SEM_ACENTO (acabamento)","Móveis planejados de alto padrão são feitos para durar mas precisam de cuidados

Escolher móveis planejados de alto padr"
"PostBlog","cmsmglb4a0003ugncr5lkhcyl","conteudo","SEM_ACENTO (ferragens)","Móveis planejados de alto padrão são feitos para durar mas precisam de cuidados

Escolher móveis planejados de alto padr"
"PostBlog","cmsmglb4a0003ugncr5lkhcyl","conteudo","SEM_ACENTO (materiais)","Móveis planejados de alto padrão são feitos para durar mas precisam de cuidados

Escolher móveis planejados de alto padr"
"PostBlog","cmsmm8u8e0005ugnc5n6vicys","slug","SEM_ACENTO (moveis)","moveis-planejados-x-modulados-entenda-as-diferencas-antes-de-escolher"
"PostBlog","cmsmm8u8e0005ugnc5n6vicys","resumo","SEM_ACENTO (projeto)","Móveis planejados e móveis modulados podem transformar um ambiente, mas são soluções bastante diferentes. Enquanto os mo"
"PostBlog","cmsmm8u8e0005ugnc5n6vicys","resumo","SEM_ACENTO (ambiente)","Móveis planejados e móveis modulados podem transformar um ambiente, mas são soluções bastante diferentes. Enquanto os mo"
"PostBlog","cmsmm8u8e0005ugnc5n6vicys","resumo","SEM_ACENTO (acabamento)","Móveis planejados e móveis modulados podem transformar um ambiente, mas são soluções bastante diferentes. Enquanto os mo"
"PostBlog","cmsmm8u8e0005ugnc5n6vicys","conteudo","SEM_ACENTO (garantia)","Planejados ou modulados: qual é a melhor escolha?

Essa é uma das dúvidas mais comuns de quem está mobiliando ou reforma"
"PostBlog","cmsmm8u8e0005ugnc5n6vicys","conteudo","SEM_ACENTO (atendimento)","Planejados ou modulados: qual é a melhor escolha?

Essa é uma das dúvidas mais comuns de quem está mobiliando ou reforma"
"PostBlog","cmsmm8u8e0005ugnc5n6vicys","conteudo","SEM_ACENTO (projeto)","Planejados ou modulados: qual é a melhor escolha?

Essa é uma das dúvidas mais comuns de quem está mobiliando ou reforma"
"PostBlog","cmsmm8u8e0005ugnc5n6vicys","conteudo","SEM_ACENTO (ambiente)","Planejados ou modulados: qual é a melhor escolha?

Essa é uma das dúvidas mais comuns de quem está mobiliando ou reforma"
"PostBlog","cmsmm8u8e0005ugnc5n6vicys","conteudo","SEM_ACENTO (closet)","Planejados ou modulados: qual é a melhor escolha?

Essa é uma das dúvidas mais comuns de quem está mobiliando ou reforma"
"PostBlog","cmsmm8u8e0005ugnc5n6vicys","conteudo","SEM_ACENTO (cozinha)","Planejados ou modulados: qual é a melhor escolha?

Essa é uma das dúvidas mais comuns de quem está mobiliando ou reforma"
"PostBlog","cmsmm8u8e0005ugnc5n6vicys","conteudo","SEM_ACENTO (exclusivo)","Planejados ou modulados: qual é a melhor escolha?

Essa é uma das dúvidas mais comuns de quem está mobiliando ou reforma"
"PostBlog","cmsmm8u8e0005ugnc5n6vicys","conteudo","SEM_ACENTO (qualidade)","Planejados ou modulados: qual é a melhor escolha?

Essa é uma das dúvidas mais comuns de quem está mobiliando ou reforma"
"PostBlog","cmsmm8u8e0005ugnc5n6vicys","conteudo","SEM_ACENTO (elegante)","Planejados ou modulados: qual é a melhor escolha?

Essa é uma das dúvidas mais comuns de quem está mobiliando ou reforma"
"PostBlog","cmsmm8u8e0005ugnc5n6vicys","conteudo","SEM_ACENTO (acabamento)","Planejados ou modulados: qual é a melhor escolha?

Essa é uma das dúvidas mais comuns de quem está mobiliando ou reforma"
"PostBlog","cmsmm8u8e0005ugnc5n6vicys","conteudo","SEM_ACENTO (ferragens)","Planejados ou modulados: qual é a melhor escolha?

Essa é uma das dúvidas mais comuns de quem está mobiliando ou reforma"
"PostBlog","cmsmm8u8e0005ugnc5n6vicys","conteudo","SEM_ACENTO (materiais)","Planejados ou modulados: qual é a melhor escolha?

Essa é uma das dúvidas mais comuns de quem está mobiliando ou reforma"
"PostBlog","cmsmm8u8e0005ugnc5n6vicys","metaTitulo","SEM_ACENTO (qualidade)","Metatítulo: Móveis Planejados x Modulados: Qual a Melhor Escolha?  Metadescrição: Móveis planejados ou modulados? Compar"
"PostBlog","cmsmm8u8e0005ugnc5n6vicys","metaTitulo","SEM_ACENTO (acabamento)","Metatítulo: Móveis Planejados x Modulados: Qual a Melhor Escolha?  Metadescrição: Móveis planejados ou modulados? Compar"
"PostBlog","cmsmm8u8e0005ugnc5n6vicys","metaDescricao","SEM_ACENTO (cozinha)","“móveis planejados x modulados”, acompanhada naturalmente por “móveis planejados ou modulados”, “diferença entre móveis "
"Banner","cmsmedp420002ugnclgco1dp4","imagem","SEM_ACENTO (projeto)","images/banners/projeto-06.jpg"
"FaqItem","cmskqv7fg0000ugasrlu7wmnd","pergunta","SEM_ACENTO (projeto)","Como funciona o processo de desenvolvimento e entrega de um projeto de marcenaria de alto padrão?"
"FaqItem","cmskqv7fg0000ugasrlu7wmnd","resposta","SEM_ACENTO (atendimento)","Nosso atendimento é totalmente personalizado e dividido em quatro etapas principais:

Consultoria e Alinhamento: Compree"
"FaqItem","cmskqv7fg0000ugasrlu7wmnd","resposta","SEM_ACENTO (projeto)","Nosso atendimento é totalmente personalizado e dividido em quatro etapas principais:

Consultoria e Alinhamento: Compree"
"FaqItem","cmskqv7fg0000ugasrlu7wmnd","resposta","SEM_ACENTO (ambiente)","Nosso atendimento é totalmente personalizado e dividido em quatro etapas principais:

Consultoria e Alinhamento: Compree"
"FaqItem","cmskqv7fg0000ugasrlu7wmnd","resposta","SEM_ACENTO (qualidade)","Nosso atendimento é totalmente personalizado e dividido em quatro etapas principais:

Consultoria e Alinhamento: Compree"
"FaqItem","cmskqv7fg0000ugasrlu7wmnd","resposta","SEM_ACENTO (consultoria)","Nosso atendimento é totalmente personalizado e dividido em quatro etapas principais:

Consultoria e Alinhamento: Compree"
"FaqItem","cmskqv7fg0000ugasrlu7wmnd","resposta","SEM_ACENTO (acabamento)","Nosso atendimento é totalmente personalizado e dividido em quatro etapas principais:

Consultoria e Alinhamento: Compree"
"FaqItem","cmsoffq5v0000ugewegy4x2wj","resposta","SEM_ACENTO (projeto)","O preço dos móveis planejados varia de acordo com as dimensões do ambiente, quantidade de móveis, materiais, ferragens, "
"FaqItem","cmsoffq5v0000ugewegy4x2wj","resposta","SEM_ACENTO (ambiente)","O preço dos móveis planejados varia de acordo com as dimensões do ambiente, quantidade de móveis, materiais, ferragens, "
"FaqItem","cmsoffq5v0000ugewegy4x2wj","resposta","SEM_ACENTO (closet)","O preço dos móveis planejados varia de acordo com as dimensões do ambiente, quantidade de móveis, materiais, ferragens, "
"FaqItem","cmsoffq5v0000ugewegy4x2wj","resposta","SEM_ACENTO (cozinha)","O preço dos móveis planejados varia de acordo com as dimensões do ambiente, quantidade de móveis, materiais, ferragens, "
"FaqItem","cmsoffq5v0000ugewegy4x2wj","resposta","SEM_ACENTO (ferragens)","O preço dos móveis planejados varia de acordo com as dimensões do ambiente, quantidade de móveis, materiais, ferragens, "
"FaqItem","cmsoffq5v0000ugewegy4x2wj","resposta","SEM_ACENTO (materiais)","O preço dos móveis planejados varia de acordo com as dimensões do ambiente, quantidade de móveis, materiais, ferragens, "
"FaqItem","cmsofj1v70001ugewd8hd29mo","resposta","SEM_ACENTO (garantia)","Porque móveis aparentemente semelhantes podem ter diferenças importantes que não aparecem imediatamente no desenho do pr"
"FaqItem","cmsofj1v70001ugewd8hd29mo","resposta","SEM_ACENTO (projeto)","Porque móveis aparentemente semelhantes podem ter diferenças importantes que não aparecem imediatamente no desenho do pr"
"FaqItem","cmsofj1v70001ugewd8hd29mo","resposta","SEM_ACENTO (acabamento)","Porque móveis aparentemente semelhantes podem ter diferenças importantes que não aparecem imediatamente no desenho do pr"
"FaqItem","cmsofj1v70001ugewd8hd29mo","resposta","SEM_ACENTO (ferragens)","Porque móveis aparentemente semelhantes podem ter diferenças importantes que não aparecem imediatamente no desenho do pr"
"FaqItem","cmsofj1v70001ugewd8hd29mo","resposta","SEM_ACENTO (materiais)","Porque móveis aparentemente semelhantes podem ter diferenças importantes que não aparecem imediatamente no desenho do pr"
"FaqItem","cmsofld4t0002ugew246qse5b","pergunta","SEM_ACENTO (qualidade)","Como saber se um móvel planejado é realmente de qualidade?"
"FaqItem","cmsofld4t0002ugew246qse5b","resposta","SEM_ACENTO (qualidade)","Observe muito além da aparência.

Verifique o alinhamento das portas e gavetas, acabamento das bordas, qualidade das fer"
"FaqItem","cmsofld4t0002ugew246qse5b","resposta","SEM_ACENTO (acabamento)","Observe muito além da aparência.

Verifique o alinhamento das portas e gavetas, acabamento das bordas, qualidade das fer"
"FaqItem","cmsofld4t0002ugew246qse5b","resposta","SEM_ACENTO (ferragens)","Observe muito além da aparência.

Verifique o alinhamento das portas e gavetas, acabamento das bordas, qualidade das fer"
"FaqItem","cmsofld4t0002ugew246qse5b","resposta","SEM_ACENTO (materiais)","Observe muito além da aparência.

Verifique o alinhamento das portas e gavetas, acabamento das bordas, qualidade das fer"
"FaqItem","cmsofp7r20003ugewupq16vde","resposta","SEM_ACENTO (esta)","MDF e MDP possuem características diferentes e ambos podem ser utilizados em móveis de excelente qualidade.

O MDF apres"
"FaqItem","cmsofp7r20003ugewupq16vde","resposta","SEM_ACENTO (projeto)","MDF e MDP possuem características diferentes e ambos podem ser utilizados em móveis de excelente qualidade.

O MDF apres"
"FaqItem","cmsofp7r20003ugewupq16vde","resposta","SEM_ACENTO (qualidade)","MDF e MDP possuem características diferentes e ambos podem ser utilizados em móveis de excelente qualidade.

O MDF apres"
"FaqItem","cmsofp7r20003ugewupq16vde","resposta","SEM_ACENTO (acabamento)","MDF e MDP possuem características diferentes e ambos podem ser utilizados em móveis de excelente qualidade.

O MDF apres"
"FaqItem","cmsofp7r20003ugewupq16vde","resposta","SEM_ACENTO (materiais)","MDF e MDP possuem características diferentes e ambos podem ser utilizados em móveis de excelente qualidade.

O MDF apres"
"FaqItem","cmsofr9n80004ugewfvcizb1a","resposta","SEM_ACENTO (ambiente)","Depende das necessidades do cliente.

Os móveis modulados utilizam módulos com dimensões previamente estabelecidas e ger"
"FaqItem","cmsofsp3p0005ugew2q0kqzpp","pergunta","SEM_ACENTO (projeto)","Projeto e Personalização Qual é a diferença entre móveis planejados e móveis sob medida?"
"FaqItem","cmsofsp3p0005ugew2q0kqzpp","resposta","SEM_ACENTO (projeto)","Os termos são frequentemente utilizados como sinônimos.

Em um projeto verdadeiramente personalizado, entretanto, dimens"
"FaqItem","cmsofsp3p0005ugew2q0kqzpp","resposta","SEM_ACENTO (ambiente)","Os termos são frequentemente utilizados como sinônimos.

Em um projeto verdadeiramente personalizado, entretanto, dimens"
"FaqItem","cmsofsp3p0005ugew2q0kqzpp","resposta","SEM_ACENTO (materiais)","Os termos são frequentemente utilizados como sinônimos.

Em um projeto verdadeiramente personalizado, entretanto, dimens"
"FaqItem","cmsofxm450006ugewc416bp0l","resposta","SEM_ACENTO (ambiente)","Praticamente todos os ambientes residenciais ou comerciais podem receber projetos personalizados.

Entre os mais comuns "
"FaqItem","cmsofydz40007ugew69k9sg6k","resposta","SEM_ACENTO (projeto)","Sim.

Na realidade, ambientes compactos estão entre aqueles que mais podem se beneficiar de um bom projeto.

O planejame"
"FaqItem","cmsofydz40007ugew69k9sg6k","resposta","SEM_ACENTO (ambiente)","Sim.

Na realidade, ambientes compactos estão entre aqueles que mais podem se beneficiar de um bom projeto.

O planejame"
"FaqItem","cmsofz9dr0008ugewat44ughi","resposta","SEM_ACENTO (projeto)","Em muitos projetos, sim.

Armários até o teto podem aumentar significativamente a capacidade de armazenamento e eliminar"
"FaqItem","cmsofz9dr0008ugewat44ughi","resposta","SEM_ACENTO (ambiente)","Em muitos projetos, sim.

Armários até o teto podem aumentar significativamente a capacidade de armazenamento e eliminar"
"FaqItem","cmsog021k0009ugewtcaswsp6","pergunta","SEM_ACENTO (materiais)","Posso escolher cores, materiais e acabamentos?"
"FaqItem","cmsog021k0009ugewtcaswsp6","resposta","SEM_ACENTO (projeto)","Sim.

Projetos personalizados permitem trabalhar diferentes cores, padrões amadeirados, texturas e combinações de materi"
"FaqItem","cmsog021k0009ugewtcaswsp6","resposta","SEM_ACENTO (ambiente)","Sim.

Projetos personalizados permitem trabalhar diferentes cores, padrões amadeirados, texturas e combinações de materi"
"FaqItem","cmsog021k0009ugewtcaswsp6","resposta","SEM_ACENTO (materiais)","Sim.

Projetos personalizados permitem trabalhar diferentes cores, padrões amadeirados, texturas e combinações de materi"
"FaqItem","cmsog0tfl000augewh3xjixze","pergunta","SEM_ACENTO (cozinha)","Cozinhas Planejadas O que preciso definir antes de fazer uma cozinha planejada?"
"FaqItem","cmsog0tfl000augewh3xjixze","resposta","SEM_ACENTO (cozinha)","Antes da fabricação, é importante conhecer a disposição dos principais elementos da cozinha:

geladeira;
forno;
micro-on"
"FaqItem","cmsog1nfd000bugewwvdmywgm","pergunta","SEM_ACENTO (projeto)","Preciso comprar os eletrodomésticos antes de fazer o projeto?"
"FaqItem","cmsog1nfd000bugewwvdmywgm","resposta","SEM_ACENTO (projeto)","Nem sempre é necessário comprá-los antecipadamente, mas é altamente recomendável definir os modelos ou conhecer suas esp"
"FaqItem","cmsog2qj0000cugewtj0zbgdw","pergunta","SEM_ACENTO (artesanal)","Fabricação e Materiais Marcenaria artesanal é melhor que fabricação automatizada?"
"FaqItem","cmsog2qj0000cugewtj0zbgdw","pergunta","SEM_ACENTO (materiais)","Fabricação e Materiais Marcenaria artesanal é melhor que fabricação automatizada?"
"FaqItem","cmsog2qj0000cugewtj0zbgdw","resposta","SEM_ACENTO (artesanal)","Não necessariamente.

Equipamentos modernos, incluindo máquinas CNC, permitem cortes, furações e usinagens com excelente"
"FaqItem","cmsoh3byq000dugew2blqqcwf","resposta","SEM_ACENTO (projeto)","Sim.

A iluminação pode ser integrada a nichos, prateleiras, armários, painéis, cabeceiras, closets e cozinhas.

Além do"
"FaqItem","cmsoh4d4r000eugewakboyxv7","pergunta","SEM_ACENTO (qualidade)","Instalação A instalação influencia a qualidade dos móveis planejados?"
"FaqItem","cmsoh4d4r000eugewakboyxv7","resposta","SEM_ACENTO (projeto)","Muito.

Mesmo um móvel produzido com excelente matéria-prima pode ter seu resultado comprometido por uma instalação inad"
"FaqItem","cmsoh4d4r000eugewakboyxv7","resposta","SEM_ACENTO (ambiente)","Muito.

Mesmo um móvel produzido com excelente matéria-prima pode ter seu resultado comprometido por uma instalação inad"
"Lead","cmskogcmt0000ugm89slpuxg9","ambienteInteresse","SEM_ACENTO (cozinha)","Cozinha"