"Arquivo","Linha","Palavra","Trecho"
"\src\app\(cms)\admin\(dashboard)\ambientes\novo\page.jsx","6","titulo","<h1 className=""font-titulo text-2xl text-preto-fosco mb-6"">"
"\src\app\(cms)\admin\(dashboard)\ambientes\[id]\page.jsx","14","titulo","<h1 className=""font-titulo text-2xl text-preto-fosco mb-6"">"
"\src\app\(cms)\admin\(dashboard)\ambientes\page.jsx","13","titulo","<h1 className=""font-titulo text-2xl text-preto-fosco"">Ambientes</h1>"
"\src\app\(cms)\admin\(dashboard)\ambientes\page.jsx","32","titulo","Titulo"
"\src\app\(cms)\admin\(dashboard)\ambientes\page.jsx","55","titulo","{ambiente.titulo}"
"\src\app\(cms)\admin\(dashboard)\ambientes\page.jsx","84","titulo","confirmText={`Excluir ""${ambiente.titulo}""?`}"
"\src\app\(cms)\admin\(dashboard)\banners\novo\page.jsx","6","titulo","<h1 className=""font-titulo text-2xl text-preto-fosco mb-6"">"
"\src\app\(cms)\admin\(dashboard)\banners\[id]\page.jsx","14","titulo","<h1 className=""font-titulo text-2xl text-preto-fosco mb-6"">"
"\src\app\(cms)\admin\(dashboard)\banners\page.jsx","13","titulo","<h1 className=""font-titulo text-2xl text-preto-fosco"">Banners</h1>"
"\src\app\(cms)\admin\(dashboard)\banners\page.jsx","32","titulo","Titulo"
"\src\app\(cms)\admin\(dashboard)\banners\page.jsx","55","titulo","{banner.titulo}"
"\src\app\(cms)\admin\(dashboard)\banners\page.jsx","84","titulo","confirmText={`Excluir banner ""${banner.titulo}""?`}"
"\src\app\(cms)\admin\(dashboard)\blog\novo\page.jsx","6","titulo","<h1 className=""font-titulo text-2xl text-preto-fosco mb-6"">"
"\src\app\(cms)\admin\(dashboard)\blog\[id]\page.jsx","13","titulo","<h1 className=""font-titulo text-2xl text-preto-fosco mb-6"">"
"\src\app\(cms)\admin\(dashboard)\blog\page.jsx","13","titulo","<h1 className=""font-titulo text-2xl text-preto-fosco"">Blog</h1>"
"\src\app\(cms)\admin\(dashboard)\blog\page.jsx","32","titulo","Titulo"
"\src\app\(cms)\admin\(dashboard)\blog\page.jsx","55","titulo","{post.titulo}"
"\src\app\(cms)\admin\(dashboard)\blog\page.jsx","86","titulo","confirmText={`Excluir o post ""${post.titulo}""?`}"
"\src\app\(cms)\admin\(dashboard)\dashboard\page.jsx","21","titulo","titulo: ""Ambientes cadastrados"","
"\src\app\(cms)\admin\(dashboard)\dashboard\page.jsx","26","titulo","titulo: ""Projetos no Portfolio"","
"\src\app\(cms)\admin\(dashboard)\dashboard\page.jsx","26","portfolio","titulo: ""Projetos no Portfolio"","
"\src\app\(cms)\admin\(dashboard)\dashboard\page.jsx","28","portfolio","href: ""/admin/portfolio"","
"\src\app\(cms)\admin\(dashboard)\dashboard\page.jsx","31","titulo","titulo: ""Depoimentos"","
"\src\app\(cms)\admin\(dashboard)\dashboard\page.jsx","36","titulo","titulo: ""Leads novos"","
"\src\app\(cms)\admin\(dashboard)\dashboard\page.jsx","41","titulo","titulo: ""Leads no total"","
"\src\app\(cms)\admin\(dashboard)\dashboard\page.jsx","49","titulo","<h1 className=""font-titulo text-2xl text-preto-fosco mb-6"">"
"\src\app\(cms)\admin\(dashboard)\dashboard\page.jsx","55","titulo","key={card.titulo}"
"\src\app\(cms)\admin\(dashboard)\dashboard\page.jsx","60","titulo","{card.titulo}"
"\src\app\(cms)\admin\(dashboard)\dashboard\page.jsx","62","titulo","<p className=""font-titulo text-3xl text-preto-fosco mt-2"">"
"\src\app\(cms)\admin\(dashboard)\depoimentos\novo\page.jsx","6","titulo","<h1 className=""font-titulo text-2xl text-preto-fosco mb-6"">"
"\src\app\(cms)\admin\(dashboard)\depoimentos\[id]\page.jsx","14","titulo","<h1 className=""font-titulo text-2xl text-preto-fosco mb-6"">"
"\src\app\(cms)\admin\(dashboard)\depoimentos\page.jsx","13","titulo","<h1 className=""font-titulo text-2xl text-preto-fosco"">Depoimentos</h1>"
"\src\app\(cms)\admin\(dashboard)\faq\novo\page.jsx","6","titulo","<h1 className=""font-titulo text-2xl text-preto-fosco mb-6"">"
"\src\app\(cms)\admin\(dashboard)\faq\[id]\page.jsx","14","titulo","<h1 className=""font-titulo text-2xl text-preto-fosco mb-6"">"
"\src\app\(cms)\admin\(dashboard)\faq\page.jsx","13","titulo","<h1 className=""font-titulo text-2xl text-preto-fosco"">FAQ</h1>"
"\src\app\(cms)\admin\(dashboard)\leads\page.jsx","31","titulo","<h1 className=""font-titulo text-2xl text-dourado"">Leads</h1>"
"\src\app\(cms)\admin\(dashboard)\portfolio\novo\page.jsx","6","titulo","<h1 className=""font-titulo text-2xl text-preto-fosco mb-6"">"
"\src\app\(cms)\admin\(dashboard)\portfolio\[id]\page.jsx","14","titulo","<h1 className=""font-titulo text-2xl text-preto-fosco mb-6"">"
"\src\app\(cms)\admin\(dashboard)\portfolio\page.jsx","13","titulo","<h1 className=""font-titulo text-2xl text-preto-fosco"">Portfolio</h1>"
"\src\app\(cms)\admin\(dashboard)\portfolio\page.jsx","13","portfolio","<h1 className=""font-titulo text-2xl text-preto-fosco"">Portfolio</h1>"
"\src\app\(cms)\admin\(dashboard)\portfolio\page.jsx","15","portfolio","href=""/admin/portfolio/novo"""
"\src\app\(cms)\admin\(dashboard)\portfolio\page.jsx","32","titulo","Titulo"
"\src\app\(cms)\admin\(dashboard)\portfolio\page.jsx","55","titulo","{projeto.titulo}"
"\src\app\(cms)\admin\(dashboard)\portfolio\page.jsx","83","portfolio","href={`/admin/portfolio/${projeto.id}`}"
"\src\app\(cms)\admin\(dashboard)\portfolio\page.jsx","89","portfolio","endpoint={`/api/admin/portfolio/${projeto.id}`}"
"\src\app\(cms)\admin\(dashboard)\portfolio\page.jsx","90","titulo","confirmText={`Excluir ""${projeto.titulo}""?`}"
"\src\app\(cms)\admin\login\page.jsx","38","titulo","<h1 className=""font-titulo text-2xl text-dourado text-center mb-1"">"
"\src\app\(site)\ambientes\[slug]\page.jsx","24","titulo","<h1 className=""font-titulo text-4xl text-branco-gelo text-center mb-10"">"
"\src\app\(site)\ambientes\[slug]\page.jsx","25","titulo","{ambiente.titulo}"
"\src\app\(site)\ambientes\[slug]\page.jsx","31","titulo","alt={ambiente.titulo}"
"\src\app\(site)\ambientes\[slug]\page.jsx","40","descricao","{ambiente.descricao}"
"\src\app\(site)\ambientes\page.jsx","24","titulo","<h1 className=""font-titulo text-4xl md:text-5xl text-branco-gelo text-center mb-6"">"
"\src\app\(site)\ambientes\page.jsx","47","titulo","alt={ambiente.titulo}"
"\src\app\(site)\ambientes\page.jsx","55","titulo","<h2 className=""font-titulo text-xl text-branco-gelo mb-2"">"
"\src\app\(site)\ambientes\page.jsx","56","titulo","{ambiente.titulo}"
"\src\app\(site)\ambientes\page.jsx","59","descricao","{ambiente.descricao}"
"\src\app\(site)\ambientes\page.jsx","62","portfolio","href=""/#portfolio"""
"\src\app\(site)\blog\[slug]\page.jsx","14","titulo","const titulo = post.metaTitulo || post.titulo;"
"\src\app\(site)\blog\[slug]\page.jsx","15","descricao","const descricao = post.metaDescricao || post.resumo;"
"\src\app\(site)\blog\[slug]\page.jsx","18","titulo","title: `${titulo} | AW Marcenaria`,"
"\src\app\(site)\blog\[slug]\page.jsx","19","descricao","description: descricao,"
"\src\app\(site)\blog\[slug]\page.jsx","21","titulo","title: titulo,"
"\src\app\(site)\blog\[slug]\page.jsx","22","descricao","description: descricao,"
"\src\app\(site)\blog\[slug]\page.jsx","40","titulo","headline: post.titulo,"
"\src\app\(site)\blog\[slug]\page.jsx","76","titulo","<h1 className=""font-titulo text-3xl md:text-5xl text-branco-gelo leading-tight mb-8"">"
"\src\app\(site)\blog\[slug]\page.jsx","77","titulo","{post.titulo}"
"\src\app\(site)\blog\[slug]\page.jsx","83","titulo","alt={post.titulo}"
"\src\app\(site)\blog\page.jsx","25","titulo","<h1 className=""font-titulo text-4xl md:text-5xl text-branco-gelo text-center mb-16"">"
"\src\app\(site)\blog\page.jsx","44","titulo","alt={post.titulo}"
"\src\app\(site)\blog\page.jsx","58","titulo","<h2 className=""font-titulo text-xl text-branco-gelo mb-2 group-hover:text-dourado transition"">"
"\src\app\(site)\blog\page.jsx","59","titulo","{post.titulo}"
"\src\app\(site)\portfolio\[slug]\page.jsx","24","titulo","<h1 className=""font-titulo text-4xl text-branco-gelo text-center mb-10"">"
"\src\app\(site)\portfolio\[slug]\page.jsx","25","titulo","{projeto.titulo}"
"\src\app\(site)\portfolio\[slug]\page.jsx","31","titulo","alt={projeto.titulo}"
"\src\app\(site)\portfolio\[slug]\page.jsx","40","descricao","{projeto.descricao}"
"\src\app\(site)\portfolio\[slug]\page.jsx","45","titulo","<h2 className=""font-titulo text-2xl text-branco-gelo text-center mb-6"">"
"\src\app\(site)\portfolio\[slug]\page.jsx","56","titulo","alt={`${projeto.titulo} - foto ${index + 1}`}"
"\src\app\(site)\portfolio\page.jsx","1","portfolio","import Portfolio from ""@/components/sections/Portfolio"";"
"\src\app\(site)\portfolio\page.jsx","4","portfolio","title: ""Portfolio | AW Marcenaria e Moveis Planejados"","
"\src\app\(site)\portfolio\page.jsx","14","portfolio","<Portfolio />"
"\src\app\(site)\page.jsx","5","portfolio","import Portfolio from ""@/components/sections/Portfolio"";"
"\src\app\(site)\page.jsx","22","portfolio","<Portfolio />"
"\src\app\api\admin\ambientes\[id]\route.js","8","titulo","titulo: z.string().min(2),"
"\src\app\api\admin\ambientes\[id]\route.js","10","descricao","descricao: z.string().min(5),"
"\src\app\api\admin\ambientes\route.js","8","titulo","titulo: z.string().min(2),"
"\src\app\api\admin\ambientes\route.js","10","descricao","descricao: z.string().min(5),"
"\src\app\api\admin\banners\[id]\route.js","8","titulo","titulo: z.string().min(2),"
"\src\app\api\admin\banners\route.js","8","titulo","titulo: z.string().min(2),"
"\src\app\api\admin\blog\[id]\route.js","8","titulo","titulo: z.string().min(3),"
"\src\app\api\admin\blog\route.js","8","titulo","titulo: z.string().min(3),"
"\src\app\api\admin\portfolio\[id]\route.js","8","titulo","titulo: z.string().min(2),"
"\src\app\api\admin\portfolio\[id]\route.js","10","descricao","descricao: z.string().min(5),"
"\src\app\api\admin\portfolio\route.js","8","titulo","titulo: z.string().min(2),"
"\src\app\api\admin\portfolio\route.js","10","descricao","descricao: z.string().min(5),"
"\src\app\layout.jsx","6","titulo","variable: ""--font-titulo"","
"\src\components\admin\AmbienteForm.jsx","10","titulo","titulo: z.string().min(2, ""Informe o titulo""),"
"\src\components\admin\AmbienteForm.jsx","15","descricao","descricao: z.string().min(5, ""Informe a descricao""),"
"\src\components\admin\AmbienteForm.jsx","42","titulo","titulo: """","
"\src\components\admin\AmbienteForm.jsx","44","descricao","descricao: """","
"\src\components\admin\AmbienteForm.jsx","81","titulo","Titulo *"
"\src\components\admin\AmbienteForm.jsx","85","titulo","{...register(""titulo"")}"
"\src\components\admin\AmbienteForm.jsx","91","titulo","{errors.titulo && ("
"\src\components\admin\AmbienteForm.jsx","92","titulo","<p className=""text-sm text-red-700 mt-1"">{errors.titulo.message}</p>"
"\src\components\admin\AmbienteForm.jsx","112","descricao","Descricao *"
"\src\components\admin\AmbienteForm.jsx","116","descricao","{...register(""descricao"")}"
"\src\components\admin\AmbienteForm.jsx","119","descricao","{errors.descricao && ("
"\src\components\admin\AmbienteForm.jsx","121","descricao","{errors.descricao.message}"
"\src\components\admin\AmbienteForm.jsx","138","esta","aqui (upload direto ainda nao esta disponivel)."
"\src\components\admin\BannerForm.jsx","10","titulo","titulo: z.string().min(2, ""Informe o titulo""),"
"\src\components\admin\BannerForm.jsx","30","titulo","titulo: """","
"\src\components\admin\BannerForm.jsx","68","titulo","Titulo *"
"\src\components\admin\BannerForm.jsx","72","titulo","{...register(""titulo"")}"
"\src\components\admin\BannerForm.jsx","75","titulo","{errors.titulo && ("
"\src\components\admin\BannerForm.jsx","76","titulo","<p className=""text-sm text-red-700 mt-1"">{errors.titulo.message}</p>"
"\src\components\admin\BannerForm.jsx","106","esta","(upload direto ainda nao esta disponivel)."
"\src\components\admin\PortfolioForm.jsx","10","titulo","titulo: z.string().min(2, ""Informe o titulo""),"
"\src\components\admin\PortfolioForm.jsx","15","descricao","descricao: z.string().min(5, ""Informe a descricao""),"
"\src\components\admin\PortfolioForm.jsx","49","titulo","titulo: """","
"\src\components\admin\PortfolioForm.jsx","51","descricao","descricao: """","
"\src\components\admin\PortfolioForm.jsx","69","titulo","titulo: dados.titulo,"
"\src\components\admin\PortfolioForm.jsx","71","descricao","descricao: dados.descricao,"
"\src\components\admin\PortfolioForm.jsx","80","portfolio","? `/api/admin/portfolio/${projeto.id}`"
"\src\components\admin\PortfolioForm.jsx","81","portfolio",": ""/api/admin/portfolio"";"
"\src\components\admin\PortfolioForm.jsx","92","portfolio","router.push(""/admin/portfolio"");"
"\src\components\admin\PortfolioForm.jsx","106","titulo","Titulo *"
"\src\components\admin\PortfolioForm.jsx","110","titulo","{...register(""titulo"")}"
"\src\components\admin\PortfolioForm.jsx","116","titulo","{errors.titulo && ("
"\src\components\admin\PortfolioForm.jsx","117","titulo","<p className=""text-sm text-red-700 mt-1"">{errors.titulo.message}</p>"
"\src\components\admin\PortfolioForm.jsx","154","descricao","Descricao *"
"\src\components\admin\PortfolioForm.jsx","158","descricao","{...register(""descricao"")}"
"\src\components\admin\PortfolioForm.jsx","161","descricao","{errors.descricao && ("
"\src\components\admin\PortfolioForm.jsx","163","descricao","{errors.descricao.message}"
"\src\components\admin\PortfolioForm.jsx","174","portfolio","placeholder=""/images/portfolio/projeto-01.jpg"""
"\src\components\admin\PortfolioForm.jsx","192","portfolio","""/images/portfolio/projeto-01-galeria-1.jpg\n/images/portfolio/projeto-01-galeria-2.jpg"""
"\src\components\admin\PortfolioForm.jsx","198","portfolio","Copie as fotos para public/images/portfolio/ e liste um caminho"
"\src\components\admin\PortfolioForm.jsx","245","portfolio","onClick={() => router.push(""/admin/portfolio"")}"
"\src\components\admin\PostBlogForm.jsx","10","titulo","titulo: z.string().min(3, ""Informe o titulo""),"
"\src\components\admin\PostBlogForm.jsx","49","titulo","titulo: """","
"\src\components\admin\PostBlogForm.jsx","60","titulo","const titulo = watch(""titulo"");"
"\src\components\admin\PostBlogForm.jsx","64","titulo","setValue(""slug"", gerarSlug(titulo || """"));"
"\src\components\admin\PostBlogForm.jsx","66","titulo","}, [titulo, setValue]);"
"\src\components\admin\PostBlogForm.jsx","96","titulo","Titulo *"
"\src\components\admin\PostBlogForm.jsx","100","titulo","{...register(""titulo"")}"
"\src\components\admin\PostBlogForm.jsx","103","titulo","{errors.titulo && ("
"\src\components\admin\PostBlogForm.jsx","104","titulo","<p className=""text-sm text-red-700 mt-1"">{errors.titulo.message}</p>"
"\src\components\admin\PostBlogForm.jsx","123","titulo","Gerado automaticamente a partir do titulo. Pode editar se quiser uma URL diferente."
"\src\components\admin\PostBlogForm.jsx","140","descricao","Aparece na listagem do blog e como descricao padrao para buscadores se o Meta Descricao ficar em branco."
"\src\components\admin\PostBlogForm.jsx","173","esta","(upload direto ainda nao esta disponivel)."
"\src\components\admin\PostBlogForm.jsx","187","titulo","Meta titulo"
"\src\components\admin\PostBlogForm.jsx","191","titulo","placeholder=""Deixe em branco para usar o titulo do post"""
"\src\components\admin\PostBlogForm.jsx","198","descricao","Meta descricao"
"\src\components\admin\Sidebar.jsx","9","portfolio","{ nome: ""Portfolio"", href: ""/admin/portfolio"" },"
"\src\components\admin\Sidebar.jsx","23","titulo","<span className=""font-titulo text-branco-gelo text-lg"">AW Admin</span>"
"\src\components\sections\Ambientes.jsx","41","titulo","aria-labelledby=""ambientes-titulo"""
"\src\components\sections\Ambientes.jsx","49","titulo","id=""ambientes-titulo"""
"\src\components\sections\Ambientes.jsx","50","titulo","className=""font-titulo text-3xl md:text-4xl text-branco-gelo leading-tight mt-4"""
"\src\components\sections\Ambientes.jsx","60","portfolio","href=""#portfolio"""
"\src\components\sections\Ambientes.jsx","72","titulo","<h3 className=""font-titulo text-xl text-branco-gelo"">"
"\src\components\sections\Contato.jsx","63","titulo","aria-labelledby=""contato-titulo"""
"\src\components\sections\Contato.jsx","71","titulo","id=""contato-titulo"""
"\src\components\sections\Contato.jsx","72","titulo","className=""font-titulo text-3xl md:text-4xl text-preto-fosco leading-tight mt-4"""
"\src\components\sections\Contato.jsx","84","titulo","<p className=""font-titulo text-xl text-preto-fosco"">"
"\src\components\sections\Depoimentos.jsx","16","titulo","aria-labelledby=""depoimentos-titulo"""
"\src\components\sections\Depoimentos.jsx","24","titulo","id=""depoimentos-titulo"""
"\src\components\sections\Depoimentos.jsx","25","titulo","className=""font-titulo text-3xl md:text-4xl text-branco-gelo leading-tight mt-4"""
"\src\components\sections\DepoimentosSwiper.jsx","31","titulo","<p className=""font-titulo text-xl md:text-2xl text-branco-gelo leading-relaxed italic"">"
"\src\components\sections\Faq.jsx","29","titulo","aria-labelledby=""faq-titulo"""
"\src\components\sections\Faq.jsx","41","titulo","id=""faq-titulo"""
"\src\components\sections\Faq.jsx","42","titulo","className=""font-titulo text-3xl md:text-4xl text-preto-fosco leading-tight mt-4"""
"\src\components\sections\FaqAccordion.jsx","19","titulo","<span className=""font-titulo text-lg text-preto-fosco"">"
"\src\components\sections\Portfolio.jsx","3","portfolio","export default async function Portfolio() {"
"\src\components\sections\Portfolio.jsx","10","portfolio","id=""portfolio"""
"\src\components\sections\Portfolio.jsx","12","titulo","aria-labelledby=""portfolio-titulo"""
"\src\components\sections\Portfolio.jsx","12","portfolio","aria-labelledby=""portfolio-titulo"""
"\src\components\sections\Portfolio.jsx","17","portfolio","Portfolio"
"\src\components\sections\Portfolio.jsx","20","titulo","id=""portfolio-titulo"""
"\src\components\sections\Portfolio.jsx","20","portfolio","id=""portfolio-titulo"""
"\src\components\sections\Portfolio.jsx","21","titulo","className=""font-titulo text-3xl md:text-4xl text-preto-fosco leading-tight mt-4"""
"\src\components\sections\PortfolioGaleria.jsx","51","portfolio","href={`/portfolio/${projeto.slug}`}"
"\src\components\sections\PortfolioGaleria.jsx","57","titulo","alt={projeto.titulo}"
"\src\components\sections\PortfolioGaleria.jsx","74","titulo","<h3 className=""font-titulo text-lg text-branco-gelo mt-1"">"
"\src\components\sections\PortfolioGaleria.jsx","75","titulo","{projeto.titulo}"
"\src\components\sections\Processo.jsx","4","titulo","titulo: ""Consultoria"","
"\src\components\sections\Processo.jsx","5","descricao","descricao:"
"\src\components\sections\Processo.jsx","10","titulo","titulo: ""Projeto"","
"\src\components\sections\Processo.jsx","11","descricao","descricao:"
"\src\components\sections\Processo.jsx","16","titulo","titulo: ""Aprovacao"","
"\src\components\sections\Processo.jsx","17","descricao","descricao:"
"\src\components\sections\Processo.jsx","22","titulo","titulo: ""Producao"","
"\src\components\sections\Processo.jsx","23","descricao","descricao:"
"\src\components\sections\Processo.jsx","28","titulo","titulo: ""Instalacao"","
"\src\components\sections\Processo.jsx","29","descricao","descricao:"
"\src\components\sections\Processo.jsx","34","titulo","titulo: ""Entrega"","
"\src\components\sections\Processo.jsx","35","descricao","descricao:"
"\src\components\sections\Processo.jsx","45","titulo","aria-labelledby=""processo-titulo"""
"\src\components\sections\Processo.jsx","53","titulo","id=""processo-titulo"""
"\src\components\sections\Processo.jsx","54","titulo","className=""font-titulo text-3xl md:text-4xl text-branco-gelo leading-tight mt-4"""
"\src\components\sections\Processo.jsx","63","titulo","<span className=""font-titulo text-4xl text-dourado/60"">"
"\src\components\sections\Processo.jsx","66","titulo","<h3 className=""font-titulo text-xl text-branco-gelo"">"
"\src\components\sections\Processo.jsx","67","titulo","{passo.titulo}"
"\src\components\sections\Processo.jsx","70","descricao","{passo.descricao}"
"\src\components\sections\Sobre.jsx","9","titulo","aria-labelledby=""sobre-titulo"""
"\src\components\sections\Sobre.jsx","32","titulo","id=""sobre-titulo"""
"\src\components\sections\Sobre.jsx","33","titulo","className=""font-titulo text-3xl md:text-4xl text-preto-fosco leading-tight"""
"\src\components\site\Hero.jsx","9","titulo","function HeroConteudo({ titulo, subtitulo, linkBotao, textoBotao }) {"
"\src\components\site\Hero.jsx","15","titulo","<h1 className=""font-titulo text-4xl md:text-6xl text-branco-gelo leading-tight mb-6"">"
"\src\components\site\Hero.jsx","16","titulo","{titulo}"
"\src\components\site\Hero.jsx","48","titulo","titulo={"
"\src\components\site\Hero.jsx","81","titulo","titulo={banner.titulo}"
"\src\components\Footer.jsx","6","portfolio","{ nome: ""Portfolio"", href: ""/#portfolio"" },"
"\src\components\Footer.jsx","21","descricao","{/* Logo e descricao */}"
"\src\components\Footer.jsx","31","titulo","<span className=""font-titulo text-branco-gelo text-base"">"
"\src\components\Header.jsx","9","portfolio","{ nome: ""Portfolio"", href: ""/#portfolio"" },"
"\src\components\Header.jsx","44","titulo","<span className=""font-titulo text-branco-gelo text-lg tracking-wide hidden sm:inline"">"
"\src\lib\auth.js","24","usuario","const usuario = await prisma.usuario.findUnique({"
"\src\lib\auth.js","27","usuario","if (!usuario || !usuario.ativo) return null;"
"\src\lib\auth.js","31","usuario","usuario.senhaHash"
"\src\lib\auth.js","36","usuario","id: usuario.id,"
"\src\lib\auth.js","37","usuario","name: usuario.nome,"
"\src\lib\auth.js","38","usuario","email: usuario.email,"
"\src\lib\auth.js","39","usuario","papel: usuario.papel,"
